date,meantemp,humidity,wind_speed,meanpressure
1/1/2013,10.0000000,84.5000000,0.0000000,1015.6666667
1/2/2013,7.4000000,92.0000000,2.9800000,1017.8000000
1/3/2013,7.1666667,87.0000000,4.6333333,1018.6666667
1/4/2013,8.6666667,71.3333333,1.2333333,1017.1666667
1/5/2013,6.0000000,86.8333333,3.7000000,1016.5000000
1/6/2013,7.0000000,82.8000000,1.4800000,1018.0000000
1/7/2013,7.0000000,78.6000000,6.3000000,1020.0000000
1/8/2013,8.8571429,63.7142857,7.1428571,1018.7142857
1/9/2013,14.0000000,51.2500000,12.5000000,1017.0000000
1/10/2013,11.0000000,62.0000000,7.4000000,1015.6666667
1/11/2013,15.7142857,51.2857143,10.5714286,1016.1428571
1/12/2013,14.0000000,74.0000000,13.2285714,1015.5714286
1/13/2013,15.8333333,75.1666667,4.6333333,1013.3333333
1/14/2013,12.8333333,88.1666667,0.6166667,1015.1666667
1/15/2013,14.7142857,71.8571429,0.5285714,1015.8571429
1/16/2013,13.8333333,86.6666667,0.0000000,1016.6666667
1/17/2013,16.5000000,80.8333333,5.2500000,1015.8333333
1/18/2013,13.8333333,92.1666667,8.9500000,1014.5000000
1/19/2013,12.5000000,76.6666667,5.8833333,1021.6666667
1/20/2013,11.2857143,75.2857143,8.4714286,1020.2857143
1/21/2013,11.2000000,77.0000000,2.2200000,1021.0000000
1/22/2013,9.5000000,79.6666667,3.0833333,1021.8000000
1/23/2013,14.0000000,60.1666667,4.0166667,1020.5000000
1/24/2013,13.8333333,60.6666667,6.1666667,1020.5000000
1/25/2013,12.2500000,67.0000000,5.5500000,1020.7500000
1/26/2013,12.6666667,64.1666667,6.8000000,1019.6666667
1/27/2013,12.8571429,65.5714286,5.5571429,1018.1428571
1/28/2013,14.8333333,56.0000000,3.7000000,1017.8333333
1/29/2013,14.1250000,65.5000000,3.2375000,1016.6250000
1/30/2013,14.7142857,70.4285714,1.0571429,1017.8571429
1/31/2013,16.2000000,65.6000000,2.9600000,1018.4000000
2/1/2013,16.0000000,73.0000000,2.2200000,1016.0000000
2/2/2013,16.2857143,77.5714286,1.3285714,1017.1428571
2/3/2013,18.0000000,65.5714286,1.8571429,1015.2857143
2/4/2013,17.4285714,74.2857143,11.1142857,1014.5714286
2/5/2013,16.6250000,92.3750000,9.7250000,1016.3750000
2/6/2013,16.6666667,71.3333333,8.6333333,1018.6666667
2/7/2013,15.6000000,59.4000000,10.7400000,1018.6000000
2/8/2013,14.0000000,70.4285714,9.2571429,1017.1428571
2/9/2013,15.4285714,61.2857143,9.2571429,1016.8571429
2/10/2013,15.2500000,71.5000000,3.4750000,1017.1250000
2/11/2013,15.8750000,70.5000000,5.3250000,1016.5000000
2/12/2013,15.3333333,70.3333333,7.4166667,1017.5000000
2/13/2013,16.2857143,70.1428571,6.0857143,1016.0000000
2/14/2013,17.3333333,63.8333333,4.3333333,1014.1666667
2/15/2013,19.1666667,65.3333333,10.1833333,1011.6666667
2/16/2013,14.4285714,92.7142857,8.4857143,1008.0000000
2/17/2013,13.6666667,90.0000000,0.0000000,1012.6666667
2/18/2013,15.6000000,78.4000000,12.2200000,1016.2000000
2/19/2013,15.8571429,82.0000000,5.8142857,1015.7142857
2/20/2013,17.7142857,74.7142857,5.8142857,1017.0000000
2/21/2013,20.0000000,67.2857143,6.6142857,1015.4285714
2/22/2013,20.5000000,65.6250000,10.8750000,1016.0000000
2/23/2013,17.4285714,74.8571429,9.2571429,1017.0000000
2/24/2013,16.8571429,78.8571429,7.4000000,1018.8571429
2/25/2013,16.8750000,72.8750000,4.6375000,1018.2500000
2/26/2013,17.8571429,70.0000000,17.5875000,1015.1428571
2/27/2013,20.8000000,57.2000000,6.6600000,1015.2000000
2/28/2013,19.4285714,52.8571429,12.9571429,1017.4285714
3/1/2013,17.3333333,49.3333333,24.0666667,1016.3333333
3/2/2013,19.0000000,54.0000000,15.7250000,1016.2500000
3/3/2013,19.3333333,62.8333333,8.6333333,1016.1666667
3/4/2013,17.6000000,71.0000000,5.5600000,1015.8000000
3/5/2013,20.8750000,61.8750000,4.1625000,1016.3750000
3/6/2013,20.8571429,65.2857143,6.8714286,1015.7142857
3/7/2013,23.4285714,57.1428571,8.7285714,1015.2857143
3/8/2013,24.1666667,44.8333333,7.1000000,1014.8333333
3/9/2013,25.4285714,49.7142857,5.2857143,1009.2857143
3/10/2013,23.1428571,57.5714286,4.2285714,1008.0000000
3/11/2013,24.0000000,66.3333333,0.9333333,1011.1666667
3/12/2013,23.5000000,62.5000000,4.9333333,1011.5000000
3/13/2013,21.5000000,70.5000000,5.5500000,1009.0000000
3/14/2013,22.3333333,61.1666667,12.0333333,1013.1666667
3/15/2013,24.1666667,45.8333333,7.7166667,1016.1666667
3/16/2013,20.3333333,67.6666667,3.7000000,1016.1666667
3/17/2013,22.6666667,58.6666667,8.9500000,1015.0000000
3/18/2013,23.4285714,58.1428571,17.4571429,1009.4285714
3/19/2013,22.5000000,73.6666667,10.4833333,1011.0000000
3/20/2013,29.1666667,36.3333333,6.8000000,1009.5000000
3/21/2013,23.8333333,58.5000000,10.5000000,1008.3333333
3/22/2013,25.2500000,50.2500000,9.7125000,1006.3750000
3/23/2013,27.3750000,50.1250000,9.9500000,1007.6250000
3/24/2013,27.0000000,48.7500000,10.8875000,1010.2500000
3/25/2013,23.5000000,45.5000000,15.9625000,1010.6250000
3/26/2013,24.1428571,44.5714286,12.9571429,1008.8571429
3/27/2013,21.0000000,62.0000000,1.8500000,1009.0000000
3/28/2013,22.4285714,62.7142857,7.4142857,1009.5714286
3/29/2013,21.2500000,70.3750000,5.5500000,1009.7500000
3/30/2013,23.5000000,54.7500000,11.1125000,1008.6250000
3/31/2013,23.2000000,58.0000000,6.6600000,1008.6000000
4/1/2013,25.3750000,45.5000000,4.4000000,1008.5000000
4/2/2013,25.1666667,51.0000000,8.6500000,1009.5000000
4/3/2013,26.2000000,45.6000000,8.1400000,1009.0000000
4/4/2013,24.6000000,41.8000000,11.1200000,1007.8000000
4/5/2013,25.6000000,31.0000000,15.5600000,1007.0000000
4/6/2013,25.8571429,29.8571429,11.9000000,1006.1428571
4/7/2013,29.1428571,23.2857143,10.3142857,1005.0000000
4/8/2013,28.7142857,33.8571429,5.3000000,1006.0000000
4/9/2013,30.1666667,30.5000000,8.6500000,1005.3333333
4/10/2013,30.0000000,28.0000000,6.1000000,1006.7142857
4/11/2013,30.0000000,24.2000000,7.7800000,1006.4000000
4/12/2013,28.8571429,32.5714286,6.3428571,1007.5714286
4/13/2013,30.2000000,29.2000000,10.0000000,1008.4000000
4/14/2013,28.2500000,39.3750000,6.4875000,1007.0000000
4/15/2013,28.2500000,41.3750000,6.2500000,1003.8750000
4/16/2013,32.1250000,24.6250000,10.4250000,1000.0000000
4/17/2013,29.2000000,24.2000000,6.6600000,1002.2000000
4/18/2013,30.2857143,30.2857143,4.7571429,1002.8571429
4/19/2013,28.2857143,31.2857143,3.9714286,1002.5714286
4/20/2013,30.6250000,29.0000000,7.6375000,1003.3750000
4/21/2013,27.6666667,38.6666667,13.8833333,1006.8333333
4/22/2013,27.3750000,45.3750000,7.6500000,1010.0000000
4/23/2013,28.6250000,44.1250000,4.6250000,1009.8750000
4/24/2013,30.2857143,41.7142857,2.1142857,1008.5714286
4/25/2013,31.1428571,38.2857143,3.7000000,1007.7142857
4/26/2013,29.8750000,45.8750000,6.7125000,1008.3750000
4/27/2013,31.1428571,31.4285714,13.4857143,1007.0000000
4/28/2013,30.5714286,28.0000000,12.9714286,1005.4285714
4/29/2013,32.1250000,26.3750000,7.8750000,1004.8750000
4/30/2013,31.1428571,32.0000000,7.9285714,1004.8571429
5/1/2013,31.8571429,15.8571429,12.6857143,1002.8333333
5/2/2013,29.8333333,22.1666667,11.4333333,1001.2000000
5/3/2013,28.5714286,31.5714286,9.0000000,999.4285714
5/4/2013,32.8571429,31.4285714,2.9142857,999.0000000
5/5/2013,32.6250000,31.1250000,3.0125000,1000.6250000
5/6/2013,32.7500000,39.2500000,3.7000000,1001.6250000
5/7/2013,32.8750000,33.2500000,7.1750000,1002.0000000
5/8/2013,34.5000000,23.0000000,9.2500000,1001.1666667
5/9/2013,34.2857143,26.0000000,8.9857143,1000.8571429
5/10/2013,34.0000000,27.7142857,9.5285714,1000.1428571
5/11/2013,30.7500000,30.3750000,14.8125000,999.8750000
5/12/2013,29.8571429,40.1428571,5.8285714,1003.7142857
5/13/2013,31.7142857,34.0000000,3.9714286,1003.5714286
5/14/2013,32.2857143,34.2857143,4.7714286,1001.5714286
5/15/2013,33.0000000,33.0000000,3.2375000,999.8571429
5/16/2013,33.0000000,34.7500000,7.1750000,998.5000000
5/17/2013,32.8333333,28.1666667,9.8666667,1000.3333333
5/18/2013,31.4000000,42.2000000,12.9666667,999.0000000
5/19/2013,35.3333333,22.3333333,15.7500000,999.6666667
5/20/2013,36.4000000,24.2000000,7.4000000,998.4000000
5/21/2013,36.0000000,19.0000000,11.3714286,998.6666667
5/22/2013,36.7500000,22.1250000,17.5875000,998.6250000
5/23/2013,37.5000000,23.3333333,13.5666667,997.1666667
5/24/2013,38.4285714,27.4285714,11.3857143,996.4285714
5/25/2013,38.7142857,22.4285714,10.3142857,998.1428571
5/26/2013,37.8000000,21.2000000,10.7400000,998.2000000
5/27/2013,35.8571429,31.5714286,8.7285714,999.1428571
5/28/2013,35.3333333,29.0000000,8.3333333,1000.1666667
5/29/2013,34.1428571,27.8571429,5.5571429,999.4285714
5/30/2013,32.2000000,28.2000000,5.5600000,999.6000000
5/31/2013,33.6250000,40.1250000,10.6375000,998.7142857
6/1/2013,32.0000000,54.0000000,13.4375000,998.7500000
6/2/2013,32.4000000,56.6000000,14.2000000,1001.0000000
6/3/2013,35.6000000,47.0000000,12.2400000,999.6000000
6/4/2013,35.8571429,42.5714286,5.0285714,999.8571429
6/5/2013,37.1666667,36.5000000,9.8666667,998.0000000
6/6/2013,31.2857143,61.7142857,10.0428571,997.2857143
6/7/2013,34.0000000,49.2500000,7.4125000,998.0000000
6/8/2013,34.2000000,57.4000000,13.3400000,997.0000000
6/9/2013,36.1666667,40.0000000,11.4166667,995.1666667
6/10/2013,36.6250000,42.7500000,8.1000000,995.1250000
6/11/2013,30.1666667,61.6666667,16.3500000,1000.0000000
6/12/2013,34.1428571,54.1428571,7.4142857,998.0000000
6/13/2013,29.8333333,68.6666667,9.8666667,998.6666667
6/14/2013,30.1428571,68.1428571,7.9428571,997.4285714
6/15/2013,30.7142857,65.0000000,13.2285714,997.8571429
6/16/2013,27.0000000,88.8571429,8.4857143,996.4285714
6/17/2013,26.8750000,87.3750000,8.3375000,994.7500000
6/18/2013,28.4000000,83.6000000,5.1800000,996.4000000
6/19/2013,29.8571429,72.8571429,4.2285714,999.0000000
6/20/2013,33.0000000,52.7142857,4.7714286,997.1666667
6/21/2013,34.8333333,47.3333333,5.8666667,995.3333333
6/22/2013,35.6000000,39.4000000,10.7400000,996.2000000
6/23/2013,35.1666667,53.0000000,8.3500000,995.6666667
6/24/2013,33.1428571,55.0000000,13.2285714,996.2857143
6/25/2013,30.5714286,70.4285714,11.1142857,999.1666667
6/26/2013,30.6666667,71.5000000,6.4833333,999.0000000
6/27/2013,31.4285714,61.8571429,7.9571429,996.7142857
6/28/2013,31.5000000,64.2500000,8.8125000,996.0000000
6/29/2013,33.2500000,57.0000000,13.8750000,995.2500000
6/30/2013,32.8333333,52.1666667,10.5000000,997.1666667
7/1/2013,33.8571429,54.0000000,8.7285714,996.4285714
7/2/2013,33.1428571,58.2857143,9.8000000,996.0000000
7/3/2013,31.5714286,70.0000000,6.3571429,997.5714286
7/4/2013,32.3750000,67.5000000,9.2500000,997.0000000
7/5/2013,32.8000000,62.2000000,12.9600000,997.8000000
7/6/2013,31.0000000,73.1428571,11.3714286,1000.5714286
7/7/2013,31.1666667,77.3333333,7.1000000,1000.1666667
7/8/2013,29.8333333,75.1666667,6.4833333,997.5000000
7/9/2013,29.0000000,78.8333333,8.0166667,996.8333333
7/10/2013,29.7500000,75.3750000,6.4875000,995.7500000
7/11/2013,32.5000000,65.5000000,7.1166667,997.3333333
7/12/2013,28.8750000,86.6250000,5.5625000,1000.0000000
7/13/2013,31.7500000,70.2500000,12.0625000,998.8750000
7/14/2013,30.7500000,71.6250000,4.8125000,997.3750000
7/15/2013,31.7500000,73.2500000,13.5375000,998.3750000
7/16/2013,29.8750000,83.8750000,9.0000000,999.0000000
7/17/2013,31.1250000,78.3750000,8.6500000,998.0000000
7/18/2013,31.7500000,76.0000000,5.5500000,995.0000000
7/19/2013,30.5000000,73.5000000,9.2666667,995.3333333
7/20/2013,26.8333333,90.6666667,4.9333333,999.1666667
7/21/2013,28.2000000,88.0000000,2.2400000,996.4000000
7/22/2013,29.5000000,80.3333333,4.3333333,996.8333333
7/23/2013,31.8571429,70.7142857,3.9714286,998.0000000
7/24/2013,29.7142857,84.1428571,3.9714286,997.1428571
7/25/2013,28.3333333,84.5000000,8.0166667,995.1666667
7/26/2013,30.0000000,73.8571429,5.5714286,995.4285714
7/27/2013,30.1428571,79.0000000,4.2285714,997.2857143
7/28/2013,32.2857143,67.4285714,6.0857143,998.1428571
7/29/2013,31.0000000,77.4285714,4.7714286,997.1428571
7/30/2013,30.5000000,75.6666667,8.0166667,996.5000000
7/31/2013,28.8333333,78.5000000,9.8666667,996.6666667
8/1/2013,30.0000000,73.5000000,5.5500000,998.0000000
8/2/2013,31.5714286,66.4285714,11.1142857,999.4285714
8/3/2013,32.5000000,62.3333333,10.8166667,1000.8333333
8/4/2013,32.5000000,62.5000000,5.1000000,993.2500000
8/5/2013,29.5000000,77.0000000,6.7833333,1001.0000000
8/6/2013,27.1666667,90.6666667,4.0166667,1002.1666667
8/7/2013,28.3750000,85.2500000,3.2500000,1001.8750000
8/8/2013,28.5000000,84.0000000,6.1666667,1000.5000000
8/9/2013,27.1666667,87.5000000,3.7166667,1001.0000000
8/10/2013,29.4285714,79.8571429,6.1000000,1000.3333333
8/11/2013,30.0000000,76.8333333,6.8000000,1001.1666667
8/12/2013,29.5000000,81.5000000,8.3500000,1001.0000000
8/13/2013,30.7500000,72.0000000,11.1250000,999.2500000
8/14/2013,29.6666667,74.3333333,9.8666667,999.8333333
8/15/2013,27.7142857,85.0000000,8.2000000,1001.7142857
8/16/2013,26.6000000,92.0000000,4.4600000,1000.8000000
8/17/2013,27.4285714,91.0000000,14.2857143,999.4285714
8/18/2013,28.3333333,83.8333333,1.2333333,1000.1666667
8/19/2013,28.1666667,84.6666667,5.5500000,1000.5000000
8/20/2013,27.3750000,88.5000000,5.3250000,999.0000000
8/21/2013,28.3333333,81.1666667,10.3142857,999.2857143
8/22/2013,29.1666667,74.8333333,6.4833333,1001.1666667
8/23/2013,31.2857143,73.1428571,2.6428571,1001.4285714
8/24/2013,32.0000000,71.2500000,18.5250000,1000.3333333
8/25/2013,29.0000000,90.7500000,0.9250000,998.7500000
8/26/2013,32.0000000,69.8750000,6.4750000,997.8571429
8/27/2013,32.1428571,57.2857143,17.0714286,999.8571429
8/28/2013,30.1428571,60.7142857,11.6428571,1003.7142857
8/29/2013,31.5000000,57.0000000,9.2750000,1003.2500000
8/30/2013,29.1666667,73.0000000,3.1000000,1003.5000000
8/31/2013,29.0000000,71.7500000,4.6500000,1003.2500000
9/1/2013,30.0000000,65.2000000,11.4800000,1003.2000000
9/2/2013,31.8571429,50.8571429,15.3428571,1003.7142857
9/3/2013,32.7500000,45.5000000,14.8000000,1001.5000000
9/4/2013,31.7142857,48.0000000,14.5428571,1002.1666667
9/5/2013,31.6666667,46.0000000,13.5666667,1001.5000000
9/6/2013,30.5714286,55.7142857,10.0428571,1003.4285714
9/7/2013,30.8333333,51.8333333,6.7833333,1004.1666667
9/8/2013,28.0000000,71.7500000,2.3250000,1007.2500000
9/9/2013,31.0000000,57.5000000,42.2200000,1007.0000000
9/10/2013,29.6666667,66.3333333,3.7000000,1005.3333333
9/11/2013,30.8571429,61.1428571,3.9714286,1005.5714286
9/12/2013,31.1666667,60.3333333,2.7833333,1008.1666667
9/13/2013,31.1428571,67.1428571,3.1714286,1007.1428571
9/14/2013,30.5000000,67.0000000,2.7833333,1003.8333333
9/15/2013,31.6250000,56.3750000,3.9375000,1001.3750000
9/16/2013,29.6666667,60.0000000,7.1000000,1002.3333333
9/17/2013,29.2500000,56.5000000,3.4750000,1002.8750000
9/18/2013,29.1428571,58.5714286,5.5571429,1003.1428571
9/19/2013,29.8000000,61.6000000,2.9600000,1001.8000000
9/20/2013,28.6666667,70.0000000,9.5833333,1003.0000000
9/21/2013,25.2000000,89.0000000,5.1800000,1003.0000000
9/22/2013,28.3333333,79.6666667,3.0833333,1001.6666667
9/23/2013,30.2857143,68.0000000,4.5000000,1001.0000000
9/24/2013,30.7500000,65.7500000,5.7875000,1002.7500000
9/25/2013,28.5714286,75.0000000,6.6142857,1005.4285714
9/26/2013,28.2000000,78.8000000,4.0800000,1006.6000000
9/27/2013,29.0000000,71.2500000,7.4125000,1005.6250000
9/28/2013,30.0000000,67.3333333,1.2333333,1005.3333333
9/29/2013,28.1428571,79.8571429,5.5571429,1003.8571429
9/30/2013,26.8571429,84.5714286,4.2285714,1004.7142857
10/1/2013,28.2857143,68.7142857,6.3714286,1007.7142857
10/2/2013,29.2000000,61.4000000,7.4200000,1010.0000000
10/3/2013,28.6000000,59.0000000,7.4000000,1008.6000000
10/4/2013,24.8333333,84.3333333,6.7833333,1007.5000000
10/5/2013,28.5000000,69.0000000,2.0875000,1004.1250000
10/6/2013,29.7500000,66.5000000,1.8500000,1005.2500000
10/7/2013,29.7142857,66.5714286,1.5857143,1008.8571429
10/8/2013,29.2000000,69.4000000,0.0000000,1009.8000000
10/9/2013,30.8333333,65.5000000,5.5666667,1010.3333333
10/10/2013,29.4285714,66.2857143,3.9714286,1010.8571429
10/11/2013,23.8571429,89.8571429,4.2428571,1010.5714286
10/12/2013,26.1428571,82.5714286,2.9142857,1008.2857143
10/13/2013,27.1666667,84.3333333,0.6166667,1007.6666667
10/14/2013,27.7142857,74.8571429,5.5571429,1007.0000000
10/15/2013,25.8571429,76.4285714,3.7000000,1009.1428571
10/16/2013,26.4285714,75.0000000,0.0000000,1009.0000000
10/17/2013,26.8571429,76.7142857,1.0571429,1010.4285714
10/18/2013,26.3333333,73.1666667,0.0000000,1010.5000000
10/19/2013,24.5714286,69.5714286,2.1142857,1011.5714286
10/20/2013,24.3333333,67.8333333,1.5500000,1010.6666667
10/21/2013,24.8750000,63.6250000,1.3875000,1009.8750000
10/22/2013,27.8000000,53.6000000,0.0000000,1011.0000000
10/23/2013,25.0000000,67.5000000,1.1625000,1013.6250000
10/24/2013,23.8571429,73.1428571,1.0571429,1013.2857143
10/25/2013,22.8000000,75.8000000,1.8600000,1011.0000000
10/26/2013,23.0000000,78.2000000,0.7400000,1011.2000000
10/27/2013,22.8750000,66.8750000,2.5500000,1010.6250000
10/28/2013,22.6666667,63.1666667,4.9333333,1010.0000000
10/29/2013,23.0000000,62.7142857,3.9714286,1011.1428571
10/30/2013,22.8571429,67.4285714,2.3857143,1012.8571429
10/31/2013,23.6666667,58.8333333,3.0833333,1012.8333333
11/1/2013,23.4285714,69.1428571,1.0571429,1013.2857143
11/2/2013,21.6250000,65.0000000,4.6375000,1014.5000000
11/3/2013,20.6250000,57.8750000,5.5625000,1016.0000000
11/4/2013,21.1666667,54.1666667,2.4666667,1017.5000000
11/5/2013,18.8333333,74.3333333,0.0000000,1017.5000000
11/6/2013,20.5714286,66.7142857,3.1857143,1015.8571429
11/7/2013,20.1428571,73.1428571,4.5000000,1015.6666667
11/8/2013,18.0000000,82.2000000,19.9125000,1015.6250000
11/9/2013,19.8571429,73.5714286,0.5285714,1016.7142857
11/10/2013,16.8333333,72.0000000,2.4666667,1016.0000000
11/11/2013,18.8571429,61.8571429,5.8142857,1013.4285714
11/12/2013,16.5714286,71.7142857,0.8000000,1013.8571429
11/13/2013,17.7500000,65.0000000,3.0125000,1014.2500000
11/14/2013,17.6250000,63.3750000,3.4750000,1015.2500000
11/15/2013,17.0000000,67.0000000,0.9250000,1016.5000000
11/16/2013,16.6250000,69.6250000,0.0000000,1018.0000000
11/17/2013,15.5714286,67.4285714,2.3857143,1017.7142857
11/18/2013,18.5000000,55.1250000,7.4125000,1016.8750000
11/19/2013,17.8750000,63.5000000,7.1750000,1015.5000000
11/20/2013,18.2500000,58.8750000,2.5500000,1012.7500000
11/21/2013,17.8750000,66.2500000,2.0875000,1013.1250000
11/22/2013,17.6250000,74.8750000,1.1625000,1015.7500000
11/23/2013,18.1428571,77.8571429,0.8000000,1014.5714286
11/24/2013,19.1250000,58.8750000,5.0875000,1014.5000000
11/25/2013,21.2500000,49.8750000,9.5000000,1012.8750000
11/26/2013,21.2500000,51.3750000,9.7500000,1011.7500000
11/27/2013,19.1250000,68.5000000,2.7875000,1014.7500000
11/28/2013,18.6250000,71.8750000,1.8500000,1017.7500000
11/29/2013,17.7500000,66.6250000,4.8625000,1016.8750000
11/30/2013,17.8750000,69.6250000,11.8125000,1015.8750000
12/1/2013,18.0000000,65.0000000,1.5857143,1016.1428571
12/2/2013,17.2500000,73.2500000,1.8500000,1015.8750000
12/3/2013,17.5000000,73.5000000,1.3875000,1016.7500000
12/4/2013,17.1428571,71.8571429,4.2285714,1017.0000000
12/5/2013,17.1428571,69.0000000,6.8857143,1015.2857143
12/6/2013,16.1250000,72.3750000,3.7125000,1014.0000000
12/7/2013,16.0000000,80.5000000,1.1625000,1014.2500000
12/8/2013,16.5000000,83.6250000,0.0000000,1014.0000000
12/9/2013,16.1250000,79.2500000,2.3125000,1013.5000000
12/10/2013,15.5000000,81.7500000,2.5500000,1013.7500000
12/11/2013,16.6250000,71.8750000,6.4750000,1014.1250000
12/12/2013,17.7500000,62.3750000,16.9000000,1012.5000000
12/13/2013,17.1428571,67.7142857,11.6285714,1012.0000000
12/14/2013,16.1428571,79.0000000,0.8000000,1012.5714286
12/15/2013,15.5000000,86.2500000,2.5500000,1015.1250000
12/16/2013,15.2500000,89.5000000,1.1625000,1015.6250000
12/17/2013,14.7500000,92.8750000,0.9250000,1014.2500000
12/18/2013,14.8750000,93.0000000,2.0875000,1012.6250000
12/19/2013,16.1250000,89.1250000,3.2500000,1012.8750000
12/20/2013,15.3750000,91.3750000,4.4125000,1016.0000000
12/21/2013,14.7500000,94.0000000,0.4625000,1017.0000000
12/22/2013,15.2500000,94.0000000,1.3875000,1018.3750000
12/23/2013,14.2500000,88.2500000,9.0250000,1020.5000000
12/24/2013,13.5000000,84.7500000,5.7875000,1021.3750000
12/25/2013,13.6666667,63.1666667,34.4875000,1020.6250000
12/26/2013,12.1250000,67.6250000,4.4000000,1019.2500000
12/27/2013,11.8750000,79.8750000,1.1625000,1018.6250000
12/28/2013,10.8750000,70.0000000,5.3250000,1019.2500000
12/29/2013,10.5714286,69.4285714,5.3250000,1018.5000000
12/30/2013,12.3750000,79.5000000,6.4750000,1018.1250000
12/31/2013,14.5000000,89.3750000,4.8625000,1020.5000000
1/1/2014,13.3750000,89.6250000,7.6500000,1021.0000000
1/2/2014,11.0000000,78.3750000,8.1000000,1020.2500000
1/3/2014,12.5000000,74.8750000,5.3250000,1017.7500000
1/4/2014,12.8750000,88.1250000,1.1625000,1016.2500000
1/5/2014,12.3750000,89.0000000,0.4625000,1014.5000000
1/6/2014,11.4285714,86.2857143,27.3375000,1017.6250000
1/7/2014,12.1428571,72.2857143,20.6000000,1017.7500000
1/8/2014,11.8750000,76.8750000,1.8500000,1017.8750000
1/9/2014,12.8333333,83.0000000,1.2333333,1017.0000000
1/10/2014,12.3750000,85.3750000,0.0000000,1016.6250000
1/11/2014,12.1250000,82.6250000,6.7250000,1019.6250000
1/12/2014,12.8750000,80.8750000,3.2500000,1020.7500000
1/13/2014,14.0000000,72.3750000,1.1625000,1019.3750000
1/14/2014,14.8750000,76.7500000,2.7875000,1017.0000000
1/15/2014,12.0000000,93.5000000,0.4625000,1019.7500000
1/16/2014,12.2857143,90.5714286,1.5857143,1019.5714286
1/17/2014,12.0000000,95.7500000,1.1625000,1017.6250000
1/18/2014,12.5000000,94.2500000,1.8500000,1020.2500000
1/19/2014,14.5000000,84.5000000,3.4750000,1023.0000000
1/20/2014,14.6250000,83.5000000,4.4125000,1021.3750000
1/21/2014,13.5714286,96.8571429,7.1714286,1020.5714286
1/22/2014,15.2500000,96.1250000,6.7125000,1019.8750000
1/23/2014,15.6250000,90.1250000,6.7125000,1020.2500000
1/24/2014,13.8750000,88.8750000,8.1125000,1019.2500000
1/25/2014,11.7500000,95.6250000,8.3375000,1019.7500000
1/26/2014,14.3750000,85.7500000,8.8125000,1019.1250000
1/27/2014,16.6250000,72.3750000,9.9500000,1018.7500000
1/28/2014,16.6250000,69.8750000,7.4125000,1016.7500000
1/29/2014,14.8750000,81.8750000,4.6250000,1018.6250000
1/30/2014,14.5000000,83.2500000,0.9250000,1019.3750000
1/31/2014,14.7500000,82.5000000,3.0125000,1019.2500000
2/1/2014,14.0000000,79.3750000,2.5500000,1019.7500000
2/2/2014,15.2500000,76.1250000,1.8500000,1016.8750000
2/3/2014,18.4285714,63.8571429,12.2875000,1014.1250000
2/4/2014,18.8571429,65.4285714,13.4250000,1011.0000000
2/5/2014,17.0000000,72.7500000,1.6250000,1011.5000000
2/6/2014,18.5000000,65.3750000,6.0125000,1010.8750000
2/7/2014,19.6250000,67.2500000,15.0500000,1009.2500000
2/8/2014,13.6250000,85.3750000,8.1125000,1011.3750000
2/9/2014,12.8750000,63.3750000,9.2625000,1012.0000000
2/10/2014,12.6250000,61.7500000,3.7000000,1012.5000000
2/11/2014,13.3750000,64.6250000,3.7000000,1013.5000000
2/12/2014,13.2500000,67.0000000,9.2625000,1013.5000000
2/13/2014,15.2500000,64.5000000,4.8750000,1013.6250000
2/14/2014,13.0000000,95.5000000,5.3375000,1011.8750000
2/15/2014,12.3750000,89.5000000,3.9375000,1012.8750000
2/16/2014,13.5000000,79.0000000,8.7875000,1016.0000000
2/17/2014,15.1250000,66.1250000,12.7250000,1017.7500000
2/18/2014,15.2500000,60.1250000,8.8000000,1017.3750000
2/19/2014,15.1250000,75.3750000,1.8500000,1016.6250000
2/20/2014,16.1250000,78.6250000,1.8625000,1014.7500000
2/21/2014,17.1250000,72.2500000,8.7875000,1014.2500000
2/22/2014,16.6250000,85.6250000,6.2500000,1017.3750000
2/23/2014,16.5000000,80.0000000,7.8875000,1019.3750000
2/24/2014,16.3750000,69.3750000,5.3375000,1018.6250000
2/25/2014,18.1250000,69.0000000,0.9250000,1017.2500000
2/26/2014,18.7500000,71.1250000,2.0875000,1014.2500000
2/27/2014,18.6250000,76.6250000,7.1750000,1013.1250000
2/28/2014,15.6250000,88.3750000,5.8000000,1013.1250000
3/1/2014,16.1428571,87.2857143,4.2428571,1015.2857143
3/2/2014,16.1250000,79.0000000,5.7875000,1017.1250000
3/3/2014,17.8750000,65.6250000,3.7000000,1016.2500000
3/4/2014,18.7500000,66.3750000,3.7125000,1016.5000000
3/5/2014,18.8750000,67.0000000,5.3250000,1016.1250000
3/6/2014,18.3750000,64.0000000,4.6375000,1016.3750000
3/7/2014,18.5000000,62.8750000,6.7125000,1017.1250000
3/8/2014,19.8750000,63.8750000,9.9625000,1017.0000000
3/9/2014,22.0000000,56.6250000,7.6500000,1014.5000000
3/10/2014,20.0000000,63.8750000,10.8875000,1014.3750000
3/11/2014,20.7142857,70.0000000,15.6000000,1013.7142857
3/12/2014,20.0000000,68.8750000,6.4875000,1016.2500000
3/13/2014,19.0000000,60.6250000,9.9500000,1016.2500000
3/14/2014,19.6250000,61.2500000,5.8000000,1015.0000000
3/15/2014,21.6250000,62.6250000,2.7875000,1016.3750000
3/16/2014,23.1250000,58.5000000,6.2500000,1015.3750000
3/17/2014,26.2500000,52.1250000,6.7125000,1011.2500000
3/18/2014,24.8571429,53.4285714,9.8000000,1012.8571429
3/19/2014,21.7500000,57.3750000,10.1875000,1013.2500000
3/20/2014,21.5000000,55.0000000,7.4000000,1010.7500000
3/21/2014,22.5000000,64.7500000,5.3375000,1007.1250000
3/22/2014,25.0000000,59.5000000,3.0125000,1007.0000000
3/23/2014,22.7500000,61.8750000,9.0250000,1010.6250000
3/24/2014,22.3750000,73.1250000,9.4875000,1011.6250000
3/25/2014,24.6250000,60.2500000,2.7750000,1010.5000000
3/26/2014,25.1250000,58.8750000,2.7750000,1010.6250000
3/27/2014,23.5000000,63.2500000,4.8875000,1011.7500000
3/28/2014,24.4285714,67.5714286,4.5000000,1011.1428571
3/29/2014,25.8750000,55.6250000,8.3500000,1011.2500000
3/30/2014,24.1250000,46.7500000,13.9000000,1009.8750000
3/31/2014,24.1250000,44.1250000,13.2000000,1008.2500000
4/1/2014,24.8750000,45.7500000,9.7125000,1006.1250000
4/2/2014,26.7500000,43.3750000,7.1750000,1005.7500000
4/3/2014,25.0000000,48.0000000,10.4250000,1010.3750000
4/4/2014,25.8571429,47.8571429,11.9142857,1009.8571429
4/5/2014,27.3750000,44.0000000,9.2625000,1008.8750000
4/6/2014,30.1250000,45.2500000,6.7125000,1007.5000000
4/7/2014,27.2500000,47.6250000,12.9625000,1009.6250000
4/8/2014,25.7500000,41.8750000,12.7250000,1010.3750000
4/9/2014,25.7500000,35.2500000,12.7375000,1010.2500000
4/10/2014,26.3750000,29.2500000,12.5000000,1010.8750000
4/11/2014,28.1428571,29.0000000,10.0571429,1008.5714286
4/12/2014,29.1250000,39.8750000,5.1000000,1007.1250000
4/13/2014,26.8750000,40.3750000,15.5125000,1009.6250000
4/14/2014,27.6250000,46.6250000,5.3500000,1010.6250000
4/15/2014,29.0000000,48.1250000,2.5500000,1009.1250000
4/16/2014,27.1250000,53.6250000,4.4000000,1008.2500000
4/17/2014,26.3750000,49.6250000,9.2500000,1007.0000000
4/18/2014,24.2500000,64.3750000,14.3375000,1011.6250000
4/19/2014,25.6250000,57.8750000,5.1000000,1011.3750000
4/20/2014,27.0000000,48.0000000,4.6375000,1010.5000000
4/21/2014,28.0000000,33.1250000,8.8125000,1010.0000000
4/22/2014,29.3750000,29.3750000,12.5000000,1011.7500000
4/23/2014,29.1250000,37.0000000,6.0250000,1009.0000000
4/24/2014,29.3750000,35.8750000,7.8750000,1005.8750000
4/25/2014,30.6250000,34.3750000,8.1125000,1006.1250000
4/26/2014,31.5000000,32.0000000,8.1125000,1006.3750000
4/27/2014,30.6250000,30.0000000,8.3500000,1007.1250000
4/28/2014,31.5000000,27.8750000,10.1875000,1005.6250000
4/29/2014,32.1250000,28.8750000,8.3250000,1003.8750000
4/30/2014,33.2500000,25.5000000,5.3375000,1003.7500000
5/1/2014,34.8750000,22.5000000,9.7375000,1001.5000000
5/2/2014,34.3750000,24.7500000,6.4875000,1001.8750000
5/3/2014,31.7500000,33.3750000,6.4750000,1003.6250000
5/4/2014,31.8750000,34.3750000,5.8000000,1003.0000000
5/5/2014,29.7500000,53.2500000,9.0375000,1005.7500000
5/6/2014,29.5714286,51.1428571,6.8857143,1006.8571429
5/7/2014,31.7500000,48.6250000,1.8500000,1004.2500000
5/8/2014,31.3750000,43.0000000,10.6625000,1002.6250000
5/9/2014,30.5000000,39.6250000,6.4875000,1000.4285714
5/10/2014,30.0000000,37.6250000,7.8875000,1000.7500000
5/11/2014,29.6250000,40.3750000,7.6500000,1004.0000000
5/12/2014,28.0000000,53.3750000,10.8875000,1004.8750000
5/13/2014,25.2500000,65.7500000,9.9625000,1008.3750000
5/14/2014,26.8750000,55.2500000,8.5750000,1006.5000000
5/15/2014,29.5000000,39.8750000,11.1250000,1004.2500000
5/16/2014,31.1250000,40.2500000,9.4875000,1003.5000000
5/17/2014,29.8750000,47.6250000,7.1750000,1007.0000000
5/18/2014,31.5000000,35.3750000,13.9000000,1007.3750000
5/19/2014,32.3750000,29.5000000,11.5750000,1006.6250000
5/20/2014,31.1250000,34.0000000,7.6375000,1006.6250000
5/21/2014,33.0000000,32.5000000,9.7125000,1002.1250000
5/22/2014,33.2500000,33.3750000,11.1125000,999.5000000
5/23/2014,34.6250000,32.7500000,19.4500000,1000.0000000
5/24/2014,31.5000000,50.5000000,6.7250000,1004.1250000
5/25/2014,31.5000000,43.2500000,16.4375000,1005.5000000
5/26/2014,30.1250000,54.1250000,4.1750000,1007.1250000
5/27/2014,31.8750000,49.7500000,2.5500000,1004.7500000
5/28/2014,33.6250000,44.5000000,3.9500000,1001.2500000
5/29/2014,35.2500000,40.1250000,4.4000000,999.3750000
5/30/2014,33.1250000,44.5000000,11.5875000,999.5714286
5/31/2014,34.6250000,39.0000000,6.4875000,999.6250000
6/1/2014,32.7500000,34.2500000,16.2000000,1003.2500000
6/2/2014,32.7500000,41.3750000,4.6375000,1003.2500000
6/3/2014,34.8750000,33.6250000,6.4875000,1000.0000000
6/4/2014,35.2500000,33.1250000,7.1875000,998.1250000
6/5/2014,36.8750000,26.8750000,8.5625000,996.1250000
6/6/2014,37.5000000,27.6250000,10.2000000,994.8750000
6/7/2014,38.5000000,22.7500000,13.1875000,994.0000000
6/8/2014,37.6250000,26.2500000,6.7250000,993.1250000
6/9/2014,37.8750000,32.1250000,6.0250000,993.1250000
6/10/2014,37.2500000,20.8750000,12.0375000,994.7500000
6/11/2014,37.6250000,23.1250000,14.8125000,995.6250000
6/12/2014,32.8750000,39.2500000,24.3250000,997.0000000
6/13/2014,30.2500000,55.1250000,16.6625000,997.6250000
6/14/2014,30.5000000,66.8750000,6.4875000,997.3750000
6/15/2014,33.8750000,52.0000000,8.1000000,997.1250000
6/16/2014,36.3750000,41.3750000,10.8875000,995.6250000
6/17/2014,36.8750000,42.1250000,15.9625000,994.1250000
6/18/2014,33.8750000,58.0000000,10.4250000,994.2500000
6/19/2014,35.7500000,47.8750000,10.8875000,993.2500000
6/20/2014,38.0000000,36.1250000,17.8250000,991.3750000
6/21/2014,36.8750000,40.1250000,9.7375000,993.8750000
6/22/2014,34.5000000,46.7500000,4.4000000,996.3750000
6/23/2014,32.1250000,49.7500000,6.7125000,996.2500000
6/24/2014,33.0000000,46.2500000,10.1875000,995.5000000
6/25/2014,32.2500000,53.2500000,13.2000000,997.6250000
6/26/2014,32.5000000,60.3750000,3.2375000,1001.0000000
6/27/2014,34.7500000,48.5000000,9.4875000,1001.6250000
6/28/2014,34.8750000,49.0000000,5.7875000,999.3750000
6/29/2014,33.0000000,57.7500000,9.7125000,997.7500000
6/30/2014,32.0000000,67.7500000,3.2500000,997.5000000
7/1/2014,31.3750000,65.1250000,6.2500000,1000.8750000
7/2/2014,29.5000000,71.3750000,5.7875000,1001.1250000
7/3/2014,28.8750000,75.1250000,5.0875000,998.2857143
7/4/2014,31.3888889,69.0000000,4.3333333,998.7777778
7/5/2014,34.7058824,52.0588235,9.2029412,1000.7058824
7/6/2014,30.6250000,61.1250000,3.7125000,1000.5000000
7/7/2014,34.0000000,48.7500000,5.5625000,998.2500000
7/8/2014,35.0000000,39.5000000,9.7250000,996.8750000
7/9/2014,36.0000000,37.1250000,13.6500000,996.5000000
7/10/2014,36.1250000,38.7500000,11.3375000,996.8750000
7/11/2014,36.6250000,38.6250000,8.7875000,996.1250000
7/12/2014,35.8750000,51.3750000,5.3375000,996.0000000
7/13/2014,31.6250000,69.7500000,6.0250000,998.0000000
7/14/2014,32.3750000,67.8750000,6.7250000,997.1250000
7/15/2014,33.1250000,62.6250000,8.8250000,996.0000000
7/16/2014,32.6250000,63.0000000,10.4500000,997.2500000
7/17/2014,30.7500000,74.2500000,6.7250000,996.1250000
7/18/2014,27.2500000,83.8750000,2.5500000,994.8750000
7/19/2014,29.8750000,71.0000000,6.2500000,995.1250000
7/20/2014,30.8750000,68.8750000,6.2625000,996.7500000
7/21/2014,32.1250000,65.5000000,4.6500000,996.0000000
7/22/2014,31.6250000,69.7500000,7.1750000,997.0000000
7/23/2014,30.6250000,72.8750000,8.1125000,997.7500000
7/24/2014,30.5000000,63.6250000,12.0375000,998.7142857
7/25/2014,30.7500000,63.2500000,9.9625000,1000.7500000
7/26/2014,32.5000000,61.5000000,7.1750000,1001.8750000
7/27/2014,31.7142857,65.4285714,6.2500000,1001.8750000
7/28/2014,30.0000000,75.7500000,18.0500000,999.3750000
7/29/2014,30.2500000,69.8750000,5.7875000,999.2500000
7/30/2014,31.8750000,65.7500000,4.1750000,999.5714286
7/31/2014,32.5000000,65.7500000,7.4250000,999.6250000
8/1/2014,33.2500000,59.5000000,6.5000000,998.0000000
8/2/2014,30.1250000,77.7500000,0.9250000,997.1250000
8/3/2014,31.5000000,66.2500000,5.7875000,995.3750000
8/4/2014,30.5000000,69.7500000,5.1000000,996.1250000
8/5/2014,29.7500000,77.5000000,1.8500000,997.5000000
8/6/2014,32.1250000,65.0000000,5.5625000,996.8750000
8/7/2014,31.1250000,65.3750000,6.9500000,997.0000000
8/8/2014,31.0000000,67.8750000,6.0125000,998.3750000
8/9/2014,29.2352941,80.4705882,6.6529412,1001.6470588
8/10/2014,28.5000000,89.9062500,5.2250000,1002.1562500
8/11/2014,31.1250000,72.1250000,3.0125000,999.8750000
8/12/2014,32.1250000,57.5000000,8.3375000,998.7500000
8/13/2014,32.1250000,57.7142857,20.8250000,998.2500000
8/14/2014,30.3750000,57.5000000,18.5125000,997.3750000
8/15/2014,31.1250000,54.8750000,14.5875000,998.8750000
8/16/2014,30.4285714,59.8571429,8.3500000,1002.5000000
8/17/2014,31.3750000,53.8750000,7.1875000,1003.2500000
8/18/2014,31.8750000,56.6250000,5.5625000,1005.3750000
8/19/2014,33.0000000,52.4285714,6.8857143,1004.8571429
8/20/2014,33.2500000,47.1250000,8.7875000,1002.3750000
8/21/2014,32.5000000,43.0000000,10.8875000,1001.2500000
8/22/2014,33.0000000,47.1250000,8.5625000,1002.8571429
8/23/2014,33.1250000,45.7500000,9.2625000,1003.2500000
8/24/2014,33.1250000,46.2500000,11.3500000,1002.8750000
8/25/2014,33.8750000,46.6250000,7.8750000,1002.3750000
8/26/2014,34.1250000,40.2500000,9.9625000,1001.3750000
8/27/2014,33.8571429,44.7142857,8.1125000,1001.1250000
8/28/2014,29.6250000,67.7500000,6.7250000,1003.7500000
8/29/2014,30.3750000,69.2500000,3.7000000,1003.5000000
8/30/2014,28.6250000,78.1250000,4.1625000,1002.6250000
8/31/2014,27.6250000,86.1250000,4.4125000,1001.2500000
9/1/2014,29.4285714,65.8571429,15.5125000,1001.1250000
9/2/2014,29.2500000,71.0000000,10.4250000,1001.8750000
9/3/2014,28.6250000,77.8750000,15.0375000,1001.4285714
9/4/2014,27.8750000,80.7500000,9.2750000,1000.3750000
9/5/2014,26.5000000,85.7500000,8.3375000,1000.1428571
9/6/2014,28.5000000,76.8750000,2.0875000,1002.3750000
9/7/2014,31.0000000,67.6250000,1.4000000,1003.2500000
9/8/2014,31.2500000,66.3750000,3.4750000,1003.1250000
9/9/2014,31.0000000,70.1250000,1.8500000,1002.3750000
9/10/2014,28.7500000,77.5000000,4.8750000,1003.2500000
9/11/2014,26.5714286,85.7142857,17.8250000,1005.5714286
9/12/2014,28.5000000,73.0000000,1.6250000,1005.1250000
9/13/2014,29.3750000,68.2500000,4.1625000,1004.0000000
9/14/2014,29.1250000,65.5000000,6.7125000,1004.2500000
9/15/2014,29.6250000,63.1250000,6.7125000,1004.2500000
9/16/2014,30.6250000,65.1250000,6.2500000,1002.2500000
9/17/2014,30.6250000,61.8750000,7.4000000,1002.1250000
9/18/2014,30.5000000,62.3750000,6.7125000,1003.8750000
9/19/2014,31.0000000,56.6250000,4.1750000,1003.5000000
9/20/2014,31.1250000,55.7500000,4.4000000,1002.8750000
9/21/2014,30.5000000,54.8750000,5.5625000,1003.6250000
9/22/2014,30.6250000,50.0000000,13.4375000,1004.5000000
9/23/2014,31.0000000,47.0000000,30.6857143,1004.2857143
9/24/2014,29.6250000,53.0000000,8.1000000,1006.2500000
9/25/2014,30.0000000,52.5000000,9.7250000,1007.7500000
9/26/2014,30.0000000,52.5000000,5.7875000,1008.1250000
9/27/2014,30.5000000,46.8750000,8.8000000,1009.2500000
9/28/2014,30.2500000,48.8750000,7.1750000,1009.6250000
9/29/2014,30.5000000,48.7500000,7.4125000,1009.1250000
9/30/2014,30.6250000,50.1250000,6.7125000,1009.6250000
10/1/2014,30.4285714,52.8571429,3.1714286,1010.4285714
10/2/2014,30.3750000,53.3750000,2.7875000,1009.1250000
10/3/2014,30.5000000,52.6250000,1.8500000,1008.0000000
10/4/2014,31.0000000,53.5000000,0.0000000,1008.5000000
10/5/2014,30.6250000,56.1250000,0.0000000,1010.3750000
10/6/2014,30.6250000,56.7500000,0.0000000,1010.1250000
10/7/2014,31.0000000,59.3750000,1.1625000,1008.3750000
10/8/2014,28.7500000,52.7500000,3.7125000,1009.8750000
10/9/2014,27.6250000,49.8750000,3.2375000,1010.1250000
10/10/2014,27.1250000,57.3750000,3.2375000,1008.7500000
10/11/2014,25.7142857,57.1428571,6.9375000,1008.2500000
10/12/2014,26.0000000,58.6250000,0.4625000,1008.3750000
10/13/2014,27.6250000,59.7500000,8.8000000,1009.8750000
10/14/2014,24.5000000,67.6250000,5.3250000,1010.8750000
10/15/2014,24.5000000,68.0000000,3.2625000,1013.3750000
10/16/2014,23.0000000,58.8750000,4.8625000,1014.0000000
10/17/2014,25.0000000,47.6666667,25.0125000,1013.6250000
10/18/2014,24.0000000,56.1428571,21.3000000,1012.8750000
10/19/2014,23.7500000,57.7500000,4.1625000,1012.6250000
10/20/2014,24.7500000,55.6250000,4.4000000,1013.1250000
10/21/2014,25.6250000,56.1250000,2.0875000,1014.6250000
10/22/2014,25.7500000,64.8750000,0.4625000,1014.5000000
10/23/2014,25.2500000,66.0000000,0.9250000,1012.7500000
10/24/2014,25.5000000,67.5000000,1.8500000,1011.7500000
10/25/2014,25.2500000,67.1250000,0.9250000,1012.3750000
10/26/2014,25.1250000,65.5000000,2.0875000,1014.8750000
10/27/2014,24.8750000,62.8750000,1.8625000,1013.7500000
10/28/2014,25.1250000,64.7500000,2.5625000,1012.0000000
10/29/2014,24.7500000,65.7500000,1.6250000,1012.1250000
10/30/2014,23.8750000,61.3750000,1.8500000,1014.5000000
10/31/2014,23.3750000,58.2500000,3.7125000,1013.6250000
11/1/2014,22.5000000,50.8750000,5.3250000,1014.1250000
11/2/2014,22.8750000,49.1250000,7.1875000,1014.5000000
11/3/2014,23.3750000,52.7500000,4.1625000,1013.5000000
11/4/2014,23.6250000,56.6250000,3.9375000,1012.1250000
11/5/2014,22.7500000,56.2500000,4.6250000,1012.3750000
11/6/2014,23.0000000,56.2500000,6.2500000,1011.6250000
11/7/2014,24.0000000,66.1250000,2.3125000,1012.8750000
11/8/2014,23.8750000,66.2500000,1.6250000,1014.6250000
11/9/2014,24.1250000,56.3750000,4.1625000,1015.1250000
11/10/2014,21.3750000,52.1250000,3.4750000,1014.0000000
11/11/2014,19.2500000,55.1250000,2.3250000,1014.7500000
11/12/2014,19.6250000,52.0000000,2.3125000,1015.8750000
11/13/2014,18.5000000,50.5000000,3.2375000,1016.5000000
11/14/2014,18.3750000,43.0000000,7.4125000,1016.3750000
11/15/2014,18.6250000,44.7500000,2.7750000,1014.8750000
11/16/2014,18.2500000,47.6250000,2.5500000,1015.3750000
11/17/2014,17.7500000,51.7500000,2.7750000,1016.1250000
11/18/2014,17.6250000,53.0000000,2.0875000,1017.8750000
11/19/2014,17.5000000,58.1250000,1.1625000,1016.5000000
11/20/2014,20.3750000,54.6250000,3.0250000,1013.3750000
11/21/2014,18.2500000,62.1250000,3.2375000,1012.7500000
11/22/2014,19.8750000,58.8750000,1.6250000,1011.3750000
11/23/2014,17.1250000,57.3750000,1.3875000,1014.6250000
11/24/2014,16.8750000,52.2500000,4.1750000,1016.0000000
11/25/2014,16.5000000,51.5000000,2.5500000,1014.8750000
11/26/2014,19.6250000,51.0000000,5.5500000,1009.8750000
11/27/2014,18.1250000,63.8750000,0.0000000,1011.7500000
11/28/2014,19.3750000,67.3750000,0.0000000,1012.5000000
11/29/2014,20.2500000,67.6250000,0.0000000,1012.3750000
11/30/2014,19.7500000,54.7500000,2.5500000,1014.0000000
12/1/2014,20.0000000,42.6250000,8.8000000,1013.7500000
12/2/2014,21.3750000,47.6250000,7.8750000,1012.7500000
12/3/2014,25.0000000,66.5714286,11.3714286,1007.0000000
12/4/2014,21.2500000,68.8750000,4.8625000,1010.3750000
12/5/2014,17.7500000,59.8750000,2.5500000,1017.1250000
12/6/2014,18.2500000,48.8750000,4.8625000,1016.3750000
12/7/2014,17.2500000,48.3750000,4.8625000,1014.7500000
12/8/2014,17.0000000,49.8750000,2.7750000,1015.0000000
12/9/2014,15.2857143,67.5714286,0.0000000,1016.8571429
12/10/2014,21.5000000,65.5000000,4.8625000,1010.5000000
12/11/2014,19.6250000,70.5000000,3.2500000,1011.6250000
12/12/2014,17.5000000,65.6250000,0.4625000,1014.3750000
12/13/2014,16.0000000,71.8750000,8.8000000,1016.1250000
12/14/2014,16.8750000,86.6250000,3.9500000,1014.5000000
12/15/2014,16.6250000,75.7500000,2.3250000,1016.1250000
12/16/2014,17.7500000,72.3750000,7.4250000,1017.3750000
12/17/2014,12.8750000,72.1250000,6.4875000,1020.2500000
12/18/2014,11.7500000,79.7500000,3.0125000,1021.3750000
12/19/2014,11.7500000,81.7500000,0.4625000,1022.1250000
12/20/2014,11.2500000,77.0000000,5.8000000,1018.7500000
12/21/2014,9.5000000,79.1250000,0.9250000,1018.0000000
12/22/2014,9.3750000,85.0000000,1.3875000,1017.1250000
12/23/2014,9.6250000,78.6250000,1.6250000,1017.8750000
12/24/2014,9.8750000,83.0000000,3.4750000,1021.2500000
12/25/2014,9.2500000,81.1250000,8.1000000,1020.1250000
12/26/2014,10.7500000,77.0000000,7.6375000,1017.7500000
12/27/2014,10.3750000,69.0000000,2.7750000,1018.6250000
12/28/2014,9.0000000,86.0000000,0.7000000,1019.7500000
12/29/2014,11.1250000,72.6250000,1.3875000,1017.2500000
12/30/2014,11.6250000,70.6250000,2.5500000,1014.6250000
12/31/2014,12.3750000,67.1250000,2.7875000,1016.8750000
1/1/2015,14.7500000,72.0000000,0.9250000,1017.5000000
1/2/2015,14.8750000,96.6250000,3.0125000,1017.8750000
1/3/2015,15.1250000,92.0000000,0.9250000,1017.3750000
1/4/2015,14.1250000,78.7500000,9.5125000,1019.6250000
1/5/2015,14.0000000,69.3750000,15.0500000,1016.0000000
1/6/2015,12.0000000,79.8750000,4.4000000,1015.5000000
1/7/2015,9.6250000,86.0000000,3.9375000,1016.6250000
1/8/2015,10.0000000,87.8750000,3.4875000,1019.1250000
1/9/2015,10.6250000,80.6250000,1.6250000,1020.1250000
1/10/2015,11.1250000,73.1250000,4.4125000,1018.8750000
1/11/2015,11.0000000,80.7500000,4.8625000,1019.1250000
1/12/2015,10.6250000,79.5000000,0.9250000,1019.5000000
1/13/2015,12.2500000,77.8750000,4.8750000,1017.1250000
1/14/2015,12.0000000,82.2500000,5.1000000,1017.5000000
1/15/2015,12.3750000,79.1250000,0.9250000,1019.3750000
1/16/2015,13.0000000,78.1250000,4.6375000,1019.2500000
1/17/2015,13.5000000,76.6250000,1.8625000,1019.2500000
1/18/2015,13.0000000,73.8750000,2.5500000,1018.7500000
1/19/2015,13.7500000,78.0000000,1.8500000,1018.8750000
1/20/2015,13.3750000,74.3750000,7.1875000,1020.0000000
1/21/2015,13.2500000,73.3750000,3.7000000,1021.0000000
1/22/2015,12.6250000,94.1250000,3.2375000,1020.6250000
1/23/2015,14.6250000,85.0000000,1.1625000,1020.0000000
1/24/2015,12.3750000,86.2500000,9.7375000,1020.7500000
1/25/2015,13.2500000,77.7500000,4.1625000,1020.3750000
1/26/2015,13.7500000,88.1250000,0.9250000,1019.8750000
1/27/2015,13.2500000,74.2500000,5.3375000,1019.3333333
1/28/2015,11.7142857,67.0000000,27.7750000,1018.2500000
1/29/2015,11.5000000,67.5000000,3.9375000,1019.7500000
1/30/2015,12.7500000,56.1250000,12.0375000,1020.3750000
1/31/2015,13.7500000,57.6250000,9.0250000,1017.8750000
2/1/2015,15.0000000,65.2500000,5.1000000,1017.7500000
2/2/2015,17.3750000,63.8750000,11.8125000,1017.5000000
2/3/2015,16.7500000,71.2500000,7.1750000,1020.5000000
2/4/2015,14.6250000,81.1250000,9.2500000,1022.0000000
2/5/2015,14.6250000,62.8750000,7.4000000,1019.2500000
2/6/2015,15.1250000,62.6250000,3.0125000,1019.0000000
2/7/2015,15.8750000,67.6250000,1.8500000,1017.0000000
2/8/2015,16.6250000,63.8750000,4.4125000,1017.3750000
2/9/2015,16.8750000,63.5000000,5.5500000,1019.7500000
2/10/2015,15.7500000,64.0000000,4.6250000,1019.7500000
2/11/2015,16.0000000,66.6250000,1.8500000,1017.1250000
2/12/2015,15.5000000,69.6250000,6.0250000,1016.1250000
2/13/2015,17.2500000,59.0000000,6.7250000,1012.6250000
2/14/2015,19.3750000,63.1250000,4.1625000,1009.6250000
2/15/2015,18.8750000,70.1250000,1.3875000,1012.6250000
2/16/2015,20.6250000,71.2500000,10.4250000,1013.6250000
2/17/2015,21.1428571,72.5714286,5.0285714,1011.8571429
2/18/2015,21.2500000,72.8750000,5.1000000,1011.7500000
2/19/2015,22.7500000,73.5000000,7.6500000,1012.0000000
2/20/2015,22.7500000,67.1250000,7.1875000,1013.8750000
2/21/2015,21.8750000,63.5000000,11.3375000,1014.1250000
2/22/2015,22.1428571,58.8571429,14.8125000,1013.3750000
2/23/2015,21.5000000,74.3750000,3.0250000,1014.2500000
2/24/2015,22.8750000,72.3750000,6.0375000,1010.6250000
2/25/2015,23.1250000,58.6250000,6.5000000,1008.5000000
2/26/2015,20.0000000,34.3750000,6.7125000,1009.8750000
2/27/2015,19.2500000,43.1250000,5.8000000,1013.0000000
2/28/2015,21.2500000,45.5000000,6.9500000,1013.0000000
3/1/2015,17.3750000,92.7500000,14.8125000,1011.1250000
3/2/2015,17.5000000,89.8750000,6.7250000,1012.5000000
3/3/2015,16.2500000,82.5000000,5.5625000,1013.7500000
3/4/2015,16.7500000,69.2500000,6.7125000,1014.0000000
3/5/2015,18.7500000,64.0000000,3.7000000,1015.7500000
3/6/2015,20.0000000,62.3750000,5.0875000,1016.3750000
3/7/2015,18.3750000,80.3750000,4.1750000,1013.7142857
3/8/2015,19.5000000,74.1250000,7.8875000,1015.3750000
3/9/2015,18.1250000,54.2500000,12.2625000,1021.0000000
3/10/2015,17.7500000,68.5000000,8.5625000,1019.1250000
3/11/2015,18.2500000,69.8750000,6.0250000,1018.1250000
3/12/2015,20.5000000,63.3750000,5.3250000,1017.0000000
3/13/2015,21.3750000,65.2500000,4.1750000,1014.7500000
3/14/2015,21.5000000,64.6250000,7.8750000,1015.1250000
3/15/2015,17.6250000,89.1250000,11.5750000,1015.5000000
3/16/2015,19.8571429,81.8571429,8.5625000,1017.3750000
3/17/2015,20.8750000,70.3750000,13.2000000,1015.8750000
3/18/2015,20.2500000,69.6250000,12.2625000,1013.5000000
3/19/2015,21.1250000,66.0000000,5.3375000,1014.8750000
3/20/2015,22.5000000,65.7500000,9.0250000,1014.8750000
3/21/2015,24.8750000,60.5000000,5.7875000,1014.8750000
3/22/2015,25.1250000,64.0000000,10.2000000,1012.0000000
3/23/2015,24.7500000,65.7500000,7.6375000,1010.0000000
3/24/2015,25.7500000,65.5000000,1.3875000,1010.2500000
3/25/2015,26.6250000,65.6250000,2.5500000,1011.8571429
3/26/2015,28.5000000,54.3750000,9.2625000,1013.0000000
3/27/2015,27.3750000,51.3750000,7.6500000,1012.0000000
3/28/2015,27.0000000,53.6250000,3.7125000,1009.6250000
3/29/2015,25.0000000,52.7500000,13.1875000,1008.6250000
3/30/2015,23.5000000,66.2500000,14.8125000,1010.3750000
3/31/2015,25.2500000,64.8750000,3.7000000,1010.1428571
4/1/2015,26.4285714,59.7142857,6.7125000,1007.5000000
4/2/2015,28.7142857,45.2857143,10.1750000,1004.6250000
4/3/2015,24.5000000,71.1250000,6.9625000,1004.7500000
4/4/2015,21.0000000,77.5000000,1.3875000,1005.2500000
4/5/2015,23.5714286,67.7142857,17.6000000,1007.7500000
4/6/2015,25.0000000,60.1250000,2.7750000,1007.7500000
4/7/2015,23.7500000,62.1250000,9.7375000,1010.2500000
4/8/2015,25.6250000,50.3750000,6.7125000,1012.0000000
4/9/2015,26.0000000,52.8750000,9.0375000,1010.5000000
4/10/2015,27.1250000,52.2500000,6.2500000,1008.5000000
4/11/2015,28.2500000,44.8750000,8.1000000,1008.3750000
4/12/2015,24.3750000,63.0000000,5.3250000,1012.3750000
4/13/2015,24.7500000,70.8750000,6.9500000,1013.7500000
4/14/2015,26.2500000,62.7500000,3.0125000,1012.7500000
4/15/2015,27.6250000,59.2500000,5.7875000,1012.8750000
4/16/2015,25.2500000,58.2500000,8.1125000,1013.8750000
4/17/2015,28.1250000,48.7500000,8.3375000,1007.1250000
4/18/2015,30.1250000,44.5000000,5.5625000,1002.3750000
4/19/2015,32.1250000,41.0000000,4.1750000,1003.8750000
4/20/2015,32.8750000,37.8750000,7.1875000,1005.7500000
4/21/2015,31.7500000,28.5000000,11.1125000,1005.6250000
4/22/2015,30.7500000,30.2500000,11.3500000,1003.1250000
4/23/2015,30.7500000,33.0000000,8.1000000,1004.0000000
4/24/2015,31.1250000,39.5000000,2.5500000,1004.3750000
4/25/2015,30.5000000,43.1250000,12.9750000,1005.8750000
4/26/2015,28.7500000,51.1250000,15.7375000,1008.0000000
4/27/2015,30.1250000,53.0000000,17.5875000,1006.7500000
4/28/2015,31.0000000,48.2500000,12.5125000,1004.5000000
4/29/2015,31.2500000,47.2500000,9.0250000,1005.0000000
4/30/2015,32.6250000,44.7500000,15.0500000,1004.0000000
5/1/2015,31.2500000,43.5000000,5.3375000,1005.8750000
5/2/2015,30.1250000,40.2500000,4.4000000,1006.2500000
5/3/2015,31.0000000,39.2500000,3.0125000,1006.6250000
5/4/2015,30.8750000,39.2500000,3.9375000,1006.6250000
5/5/2015,32.1250000,31.1250000,7.6500000,1003.8750000
5/6/2015,34.1250000,22.0000000,11.3625000,1001.8750000
5/7/2015,35.4285714,13.4285714,15.3428571,1003.5714286
5/8/2015,34.1250000,22.3750000,12.2750000,1003.2500000
5/9/2015,35.1250000,27.0000000,8.3375000,1001.6250000
5/10/2015,35.1250000,25.0000000,6.9625000,1001.3750000
5/11/2015,34.0000000,32.6250000,10.8875000,1003.6250000
5/12/2015,33.1250000,46.0000000,6.0375000,1004.8750000
5/13/2015,27.7500000,61.0000000,6.7125000,1006.1250000
5/14/2015,29.6250000,49.6250000,4.4125000,1007.2500000
5/15/2015,28.5000000,52.1250000,7.1750000,1006.5000000
5/16/2015,30.0000000,51.6250000,4.1625000,1003.2500000
5/17/2015,33.2500000,40.3750000,8.3500000,1001.1250000
5/18/2015,35.3750000,35.7500000,5.5625000,1000.0000000
5/19/2015,31.5000000,44.0000000,14.8125000,1002.1250000
5/20/2015,33.1250000,31.6250000,14.6000000,1002.0000000
5/21/2015,35.6250000,24.6250000,11.3375000,1000.3750000
5/22/2015,36.2500000,19.5000000,12.5125000,998.1250000
5/23/2015,37.3750000,21.7500000,12.7250000,996.1250000
5/24/2015,36.0000000,29.2500000,5.1000000,997.3750000
5/25/2015,37.7500000,22.2500000,10.8750000,996.8750000
5/26/2015,35.2500000,26.6250000,17.1250000,1001.5000000
5/27/2015,33.7500000,20.5000000,6.7125000,1001.2500000
5/28/2015,34.7500000,29.5000000,8.3375000,1000.6250000
5/29/2015,35.1250000,27.2500000,8.1250000,1001.6250000
5/30/2015,32.2500000,38.7500000,12.2625000,1003.8750000
5/31/2015,34.2500000,25.0000000,14.5875000,1001.7500000
6/1/2015,29.3750000,41.7500000,12.5125000,1003.2500000
6/2/2015,31.6250000,39.2500000,8.5750000,1003.5000000
6/3/2015,28.6250000,50.5000000,6.7250000,1004.6250000
6/4/2015,31.8750000,48.3750000,4.8625000,1004.0000000
6/5/2015,32.6250000,39.8750000,6.0125000,1003.5000000
6/6/2015,33.3750000,39.7500000,7.8625000,1001.3750000
6/7/2015,35.0000000,36.2500000,7.1750000,999.2500000
6/8/2015,36.5000000,33.0000000,6.2500000,998.8750000
6/9/2015,37.6250000,23.8750000,18.7500000,998.8750000
6/10/2015,36.6250000,32.2857143,18.0500000,999.6250000
6/11/2015,35.6250000,34.7500000,18.2875000,1000.0000000
6/12/2015,35.8750000,34.6250000,12.7375000,998.5000000
6/13/2015,31.1250000,48.1250000,10.1875000,998.8571429
6/14/2015,27.0000000,77.6250000,3.9500000,1000.2857143
6/15/2015,31.0000000,60.7500000,3.0125000,999.5714286
6/16/2015,32.3750000,52.1250000,2.7875000,999.1428571
6/17/2015,33.8750000,49.7500000,3.2500000,998.0000000
6/18/2015,35.1250000,45.1250000,3.0125000,997.6250000
6/19/2015,35.8750000,46.7500000,8.5750000,996.2500000
6/20/2015,33.1250000,48.5000000,12.9750000,997.8750000
6/21/2015,30.3750000,63.6250000,8.1125000,998.1250000
6/22/2015,32.1250000,59.5000000,4.4000000,995.6250000
6/23/2015,31.5000000,61.6250000,6.0125000,995.0000000
6/24/2015,37.2500000,63.8750000,6.5000000,995.3750000
6/25/2015,26.6250000,82.7500000,6.2625000,994.7500000
6/26/2015,31.1250000,54.2500000,11.5625000,995.2500000
6/27/2015,32.6250000,48.2500000,14.1125000,997.1250000
6/28/2015,34.2500000,47.5000000,9.0375000,1000.2857143
6/29/2015,31.1250000,56.6250000,11.5625000,1003.6250000
6/30/2015,30.8750000,58.6250000,9.9625000,1002.6250000
7/1/2015,32.0000000,53.2500000,4.1750000,1001.8750000
7/2/2015,33.7500000,45.8750000,6.9500000,1001.1250000
7/3/2015,33.0000000,49.0000000,14.3500000,999.6250000
7/4/2015,34.1250000,51.5000000,16.9000000,997.5000000
7/5/2015,35.7142857,47.2857143,14.0142857,995.4285714
7/6/2015,27.8750000,83.2500000,9.2750000,997.8750000
7/7/2015,28.1250000,86.1250000,1.8500000,998.1250000
7/8/2015,31.2500000,72.0000000,2.7750000,998.6250000
7/9/2015,29.6250000,77.2500000,2.5500000,998.6250000
7/10/2015,26.6250000,92.1250000,6.0250000,998.7500000
7/11/2015,25.5000000,98.0000000,3.2375000,999.3333333
7/12/2015,25.5000000,94.7500000,7.4250000,998.6250000
7/13/2015,29.8750000,73.1250000,4.8625000,1000.6250000
7/14/2015,30.8750000,67.8750000,10.8750000,997.8571429
7/15/2015,33.3750000,52.8750000,17.1375000,993.7500000
7/16/2015,31.7500000,61.3750000,13.4375000,994.7500000
7/17/2015,30.7500000,75.6250000,4.4000000,997.2500000
7/18/2015,29.5000000,78.8750000,4.1750000,998.0000000
7/19/2015,30.1250000,70.0000000,0.7000000,997.6250000
7/20/2015,29.1250000,78.0000000,4.8625000,999.1250000
7/21/2015,31.3750000,69.2500000,8.1250000,1000.0000000
7/22/2015,32.2500000,64.1250000,7.8750000,1001.1250000
7/23/2015,32.1250000,64.8750000,8.5750000,1001.7500000
7/24/2015,32.0000000,64.7500000,6.7125000,1001.0000000
7/25/2015,30.8571429,71.0000000,19.9125000,998.5714286
7/26/2015,30.0000000,71.6250000,16.8875000,998.8750000
7/27/2015,29.6250000,69.0000000,11.3375000,1000.2857143
7/28/2015,29.5000000,61.0000000,11.5875000,1000.1250000
7/29/2015,28.5000000,68.1250000,10.8750000,998.0000000
7/30/2015,29.0000000,67.7500000,9.9625000,998.8750000
7/31/2015,29.0000000,71.0000000,4.1750000,999.7500000
8/1/2015,28.2500000,71.7500000,0.9250000,1002.7500000
8/2/2015,29.6250000,69.5000000,2.5500000,1003.6250000
8/3/2015,31.5000000,58.6250000,5.3250000,1001.8750000
8/4/2015,29.4285714,77.7857143,4.7714286,1000.0714286
8/5/2015,29.5937500,79.6562500,8.2218750,1000.2812500
8/6/2015,29.5000000,79.1250000,3.0250000,998.0000000
8/7/2015,29.2500000,83.0000000,2.3125000,1000.0000000
8/8/2015,28.8750000,84.8750000,1.6250000,1002.0000000
8/9/2015,27.3750000,90.1250000,3.0125000,1000.2500000
8/10/2015,30.3750000,77.0000000,0.0000000,1000.0000000
8/11/2015,28.3750000,86.6250000,0.4625000,1003.0000000
8/12/2015,30.7500000,74.2500000,0.0000000,1003.1250000
8/13/2015,32.0000000,69.5000000,0.4625000,1001.8750000
8/14/2015,30.8750000,72.6250000,3.4750000,1002.0000000
8/15/2015,28.5000000,85.5000000,0.0000000,1002.7500000
8/16/2015,28.6250000,82.6250000,1.8500000,1002.8750000
8/17/2015,30.7500000,72.6250000,0.7000000,1001.3750000
8/18/2015,29.1250000,72.8750000,4.8750000,1002.5714286
8/19/2015,31.2500000,61.2500000,33.3250000,1002.3750000
8/20/2015,30.7500000,58.6250000,14.6000000,1001.3750000
8/21/2015,29.3750000,72.0000000,8.5750000,1002.0000000
8/22/2015,30.2500000,65.3750000,5.8000000,1000.8750000
8/23/2015,29.8750000,69.3750000,5.5625000,1000.8571429
8/24/2015,30.7500000,65.6250000,7.1875000,1001.7500000
8/25/2015,32.0000000,57.2857143,10.0714286,1001.0000000
8/26/2015,32.0000000,61.0000000,4.8625000,1001.1250000
8/27/2015,32.5000000,61.0000000,5.3250000,1002.0000000
8/28/2015,32.0000000,63.5000000,2.3125000,1002.2500000
8/29/2015,32.2500000,58.0000000,5.8125000,1001.3750000
8/30/2015,32.6250000,56.5000000,9.2750000,1001.3750000
8/31/2015,31.8571429,54.4285714,13.4857143,1001.8333333
9/1/2015,32.1250000,47.6250000,15.2750000,1000.8571429
9/2/2015,31.8750000,45.6250000,12.7375000,1001.7500000
9/3/2015,31.6250000,49.1250000,10.1875000,1005.5000000
9/4/2015,32.0000000,42.6250000,11.3500000,1007.8750000
9/5/2015,30.8750000,47.2500000,7.6375000,1007.1250000
9/6/2015,31.2500000,41.8000000,7.6375000,1006.2500000
9/7/2015,31.5000000,46.3750000,9.4875000,1005.7500000
9/8/2015,31.6250000,47.0000000,11.8125000,1005.5000000
9/9/2015,31.0000000,47.8750000,10.1875000,1005.6250000
9/10/2015,31.2500000,46.5000000,8.5750000,1006.7500000
9/11/2015,30.7500000,49.7500000,6.0125000,1006.2500000
9/12/2015,32.1428571,54.4285714,3.1714286,1006.0000000
9/13/2015,32.1250000,55.2500000,1.3875000,1005.8750000
9/14/2015,31.8750000,54.3750000,2.5500000,1003.6250000
9/15/2015,33.0000000,55.0000000,0.4625000,1003.2500000
9/16/2015,32.3750000,55.0000000,1.4000000,1003.6250000
9/17/2015,31.3750000,58.3750000,1.1625000,1004.3750000
9/18/2015,31.0000000,67.6250000,7.4125000,1005.1250000
9/19/2015,30.6250000,74.2500000,2.0875000,1003.6250000
9/20/2015,29.1428571,69.1428571,5.5571429,1002.8571429
9/21/2015,30.1250000,64.5000000,5.8000000,1002.5000000
9/22/2015,30.2500000,64.3750000,10.1875000,1002.5000000
9/23/2015,28.6250000,61.2500000,13.6750000,1006.3750000
9/24/2015,28.2500000,52.3750000,11.5750000,1004.6250000
9/25/2015,28.5000000,49.3750000,8.5750000,1003.7500000
9/26/2015,29.2500000,53.5000000,6.2500000,1005.2500000
9/27/2015,28.7142857,58.1428571,2.9142857,1007.0000000
9/28/2015,28.2500000,58.5000000,3.9375000,1009.0000000
9/29/2015,29.0000000,54.5714286,9.5285714,1010.5714286
9/30/2015,29.0000000,46.8750000,8.3375000,1011.3750000
10/1/2015,28.1250000,51.2500000,5.5750000,1012.0000000
10/2/2015,28.2857143,53.7142857,14.5875000,1010.7500000
10/3/2015,30.0000000,52.3333333,18.7857143,1008.7142857
10/4/2015,29.0000000,54.3750000,3.0250000,1008.1250000
10/5/2015,28.8750000,59.3750000,1.3875000,1009.2500000
10/6/2015,28.3750000,61.1250000,4.6375000,1009.0000000
10/7/2015,28.6250000,65.7500000,6.4750000,1009.1250000
10/8/2015,28.3750000,65.1250000,4.4125000,1007.5000000
10/9/2015,28.5000000,59.7500000,6.0250000,1004.2500000
10/10/2015,28.5000000,54.6250000,6.7125000,1005.0000000
10/11/2015,28.5714286,51.5714286,6.8857143,1008.7142857
10/12/2015,29.2500000,54.1250000,3.2500000,1010.0000000
10/13/2015,29.5000000,62.8750000,3.7250000,1011.0000000
10/14/2015,28.1250000,63.6250000,4.8750000,1013.2500000
10/15/2015,27.5000000,66.0000000,0.4625000,1013.5000000
10/16/2015,27.8750000,62.6250000,0.9250000,1013.5000000
10/17/2015,28.0000000,63.7500000,3.7125000,1012.2500000
10/18/2015,26.8571429,71.7142857,11.1125000,1013.1250000
10/19/2015,28.1428571,66.2857143,3.4571429,1011.7142857
10/20/2015,27.7142857,64.8571429,2.9142857,1009.8571429
10/21/2015,26.5000000,62.1250000,2.0875000,1011.8750000
10/22/2015,24.7500000,56.0000000,4.4000000,1012.2500000
10/23/2015,24.0000000,51.6250000,4.8625000,1011.8750000
10/24/2015,24.8750000,53.2500000,1.4000000,1011.6250000
10/25/2015,26.3750000,47.1250000,5.5750000,1012.7500000
10/26/2015,25.6250000,52.1250000,5.5750000,1014.8750000
10/27/2015,24.7500000,54.2500000,3.4750000,1013.8750000
10/28/2015,20.8750000,57.2500000,7.8750000,1015.8750000
10/29/2015,22.1250000,63.5000000,1.8500000,1016.8750000
10/30/2015,22.3750000,67.2500000,1.6250000,1016.3750000
10/31/2015,22.3750000,69.3750000,1.1625000,1016.1250000
11/1/2015,22.8750000,70.5000000,0.9250000,1016.2500000
11/2/2015,23.3750000,71.3750000,0.4625000,1015.8750000
11/3/2015,24.0000000,67.8750000,0.4750000,1014.2500000
11/4/2015,23.7500000,69.0000000,0.9250000,1012.2500000
11/5/2015,22.1250000,75.2500000,5.1000000,1012.3750000
11/6/2015,22.8750000,74.3750000,2.3250000,1012.7500000
11/7/2015,21.8750000,74.8750000,1.1625000,1014.6250000
11/8/2015,21.8750000,70.2500000,1.8625000,1015.8750000
11/9/2015,21.7500000,73.6250000,0.7000000,1015.0000000
11/10/2015,22.7500000,72.6250000,0.7000000,1013.5000000
11/11/2015,21.8750000,59.5000000,4.6375000,1014.3750000
11/12/2015,21.8750000,60.5000000,5.7875000,1015.3750000
11/13/2015,22.3750000,59.3750000,5.3250000,1014.8750000
11/14/2015,22.3750000,59.6250000,3.4750000,1012.0000000
11/15/2015,22.5000000,62.0000000,0.0000000,1012.0000000
11/16/2015,21.8750000,50.3750000,2.7875000,1012.6250000
11/17/2015,19.8750000,48.3750000,5.1000000,1013.5000000
11/18/2015,18.5000000,57.6250000,4.4000000,1016.3750000
11/19/2015,18.5000000,64.7500000,0.9250000,1017.5000000
11/20/2015,18.5000000,66.0000000,0.4625000,1016.1250000
11/21/2015,18.7500000,67.6250000,1.3875000,1015.5000000
11/22/2015,18.6250000,64.8750000,0.4625000,1015.1250000
11/23/2015,17.0000000,73.5000000,0.0000000,1015.8750000
11/24/2015,18.5000000,63.0000000,1.6250000,1016.0000000
11/25/2015,19.3750000,56.3750000,5.7875000,1014.7500000
11/26/2015,20.0000000,59.5000000,0.9250000,1012.7500000
11/27/2015,18.5000000,66.2500000,2.5500000,1011.2500000
11/28/2015,18.7500000,82.1250000,1.1625000,1015.3750000
11/29/2015,18.1250000,81.2500000,1.1625000,1018.0000000
11/30/2015,19.5000000,82.3750000,0.9250000,1016.7500000
12/1/2015,19.2500000,78.7500000,1.6250000,1014.7500000
12/2/2015,18.1250000,72.1250000,2.0875000,1016.1250000
12/3/2015,17.6250000,70.2500000,7.1875000,1016.0000000
12/4/2015,17.6250000,67.5000000,4.6375000,1015.0000000
12/5/2015,17.5000000,72.3750000,0.9250000,1015.8750000
12/6/2015,17.1250000,75.8750000,1.4000000,1016.5000000
12/7/2015,17.6250000,76.8750000,2.3125000,1017.2500000
12/8/2015,18.4285714,71.2857143,1.0571429,1015.7142857
12/9/2015,18.3750000,78.1250000,3.4750000,1015.2500000
12/10/2015,19.0000000,77.2500000,2.0875000,1011.7500000
12/11/2015,17.2500000,77.8750000,5.1000000,1011.3750000
12/12/2015,13.2500000,91.0000000,4.4000000,1014.2500000
12/13/2015,12.8750000,67.0000000,3.4750000,1016.5000000
12/14/2015,13.2500000,63.6250000,7.4000000,1017.0000000
12/15/2015,13.1250000,63.8750000,5.3250000,1016.5000000
12/16/2015,13.0000000,65.5000000,1.1625000,1016.3750000
12/17/2015,12.2500000,73.6250000,0.9250000,1016.8750000
12/18/2015,12.8750000,71.2500000,4.4000000,1018.6250000
12/19/2015,12.3750000,71.8750000,3.4875000,1019.0000000
12/20/2015,11.7500000,70.2500000,1.1625000,1018.5000000
12/21/2015,12.6250000,74.7500000,1.3875000,1018.8750000
12/22/2015,12.0000000,79.8750000,0.7000000,1020.8750000
12/23/2015,12.5000000,81.3750000,3.4875000,1020.6250000
12/24/2015,11.2500000,68.6250000,6.0250000,1021.2500000
12/25/2015,11.5000000,66.1250000,5.5625000,1022.0000000
12/26/2015,12.7500000,64.5000000,6.4875000,1021.1250000
12/27/2015,15.3750000,63.2500000,7.8875000,1020.6250000
12/28/2015,17.1250000,58.1250000,10.8875000,1020.8750000
12/29/2015,16.3750000,65.0000000,7.4125000,1018.1250000
12/30/2015,15.5000000,71.7500000,2.1000000,1017.5000000
12/31/2015,15.0000000,71.3750000,2.0875000,1020.5000000
1/1/2016,14.7142857,72.2857143,1.0571429,1021.1428571
1/2/2016,14.0000000,75.8750000,2.0875000,1021.0000000
1/3/2016,14.3750000,74.7500000,5.1125000,1018.5000000
1/4/2016,15.7500000,77.1250000,0.0000000,1017.6250000
1/5/2016,15.8333333,88.8333333,0.6166667,1017.0000000
1/6/2016,17.3750000,81.6250000,2.3125000,1016.5000000
1/7/2016,17.1250000,87.0000000,0.0000000,1018.1250000
1/8/2016,15.5000000,83.2500000,7.8875000,1017.2500000
1/9/2016,15.8571429,65.1428571,8.4714286,1015.4285714
1/10/2016,15.6250000,74.3750000,2.7750000,1017.5000000
1/11/2016,15.7500000,74.8750000,1.6250000,1017.5000000
1/12/2016,18.0000000,69.6875000,6.0312500,1014.9375000
1/13/2016,18.2666667,75.8000000,5.0800000,1014.3333333
1/14/2016,15.5625000,80.4375000,4.3000000,1016.1250000
1/15/2016,13.0000000,84.1875000,10.7750000,1017.0000000
1/16/2016,13.6000000,80.0666667,11.2400000,1014.6000000
1/17/2016,14.0000000,77.6666667,2.1066667,1016.2000000
1/18/2016,13.2666667,80.4666667,1.4800000,1014.7333333
1/19/2016,12.3571429,88.5714286,4.6500000,1015.2857143
1/20/2016,12.0666667,84.2000000,6.1933333,1018.6666667
1/21/2016,12.1875000,73.1875000,7.8875000,1020.1875000
1/22/2016,11.7333333,83.4000000,3.5866667,1019.4666667
1/23/2016,14.4375000,75.8750000,3.2500000,1019.8125000
1/24/2016,11.1875000,86.2500000,6.6250000,1019.0625000
1/25/2016,11.6666667,75.4000000,4.5800000,1017.2000000
1/26/2016,14.5625000,79.6875000,2.5500000,1015.3750000
1/27/2016,17.5833333,69.1666667,4.0250000,1014.1666667
1/28/2016,16.8571429,69.3571429,5.0285714,1015.0714286
1/29/2016,19.5625000,70.6250000,2.5437500,1017.3750000
1/30/2016,20.1428571,78.5000000,1.2000000,1014.5000000
1/31/2016,17.3750000,78.2500000,7.7625000,1016.0000000
2/1/2016,15.8461539,65.7692308,7.2692308,1017.1538462
2/2/2016,15.2666667,55.8666667,8.8933333,1018.2000000
2/3/2016,13.1250000,66.5000000,7.6222222,1018.0000000
2/4/2016,16.3636364,53.0000000,6.9416667,1017.3333333
2/5/2016,12.6666667,70.6666667,2.1666667,1016.8333333
2/6/2016,15.3333333,69.5000000,3.7000000,1013.3333333
2/7/2016,15.6250000,77.0000000,2.7875000,1015.7500000
2/8/2016,17.0909091,67.1818182,5.9000000,1017.0909091
2/9/2016,17.7692308,67.4615385,5.8461538,1014.6923077
2/10/2016,18.1333333,64.8666667,2.1000000,1012.7333333
2/11/2016,19.6875000,54.7500000,6.0312500,1011.2500000
2/12/2016,19.2000000,57.8666667,0.7466667,1012.5333333
2/13/2016,17.0666667,62.1333333,5.8066667,1014.8666667
2/14/2016,17.6428571,61.9285714,8.0714286,1017.2142857
2/15/2016,17.6000000,59.5333333,5.9400000,1018.7333333
2/16/2016,18.2142857,56.1428571,5.4357143,1020.0714286
2/17/2016,18.7142857,59.2857143,3.7071429,1019.1428571
2/18/2016,19.4666667,76.0000000,5.1866667,1017.4000000
2/19/2016,23.1538462,70.2307692,4.1461538,1014.6153846
2/20/2016,23.6250000,73.1250000,11.1187500,1014.1250000
2/21/2016,21.0000000,61.1250000,17.1375000,1014.7500000
2/22/2016,21.0000000,51.4285714,15.2071429,1014.4285714
2/23/2016,21.4285714,50.6428571,9.7857143,1012.5000000
2/24/2016,21.6875000,58.0625000,2.4437500,1012.9375000
2/25/2016,22.5625000,57.5000000,5.3375000,1015.5000000
2/26/2016,22.8000000,55.6000000,2.4800000,1018.4000000
2/27/2016,22.8000000,59.0000000,3.3333333,1018.4666667
2/28/2016,23.0000000,63.0625000,3.7125000,1018.9375000
2/29/2016,23.8750000,63.9375000,3.7125000,1018.6250000
3/1/2016,24.9166667,57.4166667,1.7000000,1015.0000000
3/2/2016,24.9333333,57.0666667,1.7333333,1015.4000000
3/3/2016,26.0000000,55.6153846,4.2923077,1014.6153846
3/4/2016,27.3125000,44.2500000,6.1437500,1012.6875000
3/5/2016,23.9333333,57.1333333,11.0000000,1012.6666667
3/6/2016,22.8125000,66.5625000,5.2187500,1013.0625000
3/7/2016,23.7142857,64.1428571,5.1714286,1012.3571429
3/8/2016,23.4285714,60.2142857,6.7428571,1011.6428571
3/9/2016,24.0000000,57.5625000,9.3750000,1012.0625000
3/10/2016,25.5625000,57.4375000,7.9812500,1013.1875000
3/11/2016,25.0666667,67.8000000,6.5466667,1012.5333333
3/12/2016,24.5625000,66.9375000,9.4875000,1009.5625000
3/13/2016,24.2500000,65.1875000,6.8437500,1011.1875000
3/14/2016,22.3750000,66.0000000,6.2750000,1014.3125000
3/15/2016,24.0666667,58.9333333,8.6466667,1014.8666667
3/16/2016,23.9375000,53.7500000,10.8812500,1012.8125000
3/17/2016,26.3125000,50.3125000,6.8437500,1010.4375000
3/18/2016,26.1875000,61.2500000,6.7125000,1009.8125000
3/19/2016,26.7857143,61.8571429,3.5785714,1009.2142857
3/20/2016,27.1333333,58.7333333,2.8466667,1010.3333333
3/21/2016,26.6250000,43.3750000,12.2625000,1011.1250000
3/22/2016,25.0625000,37.8750000,22.1000000,1009.3750000
3/23/2016,26.2000000,43.2666667,10.6416667,1010.0000000
3/24/2016,28.1333333,46.8666667,3.2133333,1013.3333333
3/25/2016,29.8750000,50.1875000,3.3687500,1013.1875000
3/26/2016,24.6666667,62.6666667,9.3933333,1013.6000000
3/27/2016,26.2500000,53.6875000,9.1562500,1012.8125000
3/28/2016,25.9333333,52.8000000,6.5466667,7679.3333333
3/29/2016,27.1250000,47.7500000,7.2937500,1011.3125000
3/30/2016,29.5714286,39.7857143,7.0214286,1011.1428571
3/31/2016,30.0000000,39.7333333,4.3333333,1009.2000000
4/1/2016,30.5714286,38.2142857,12.0357143,1006.7142857
4/2/2016,32.3125000,38.5625000,5.4625000,1008.0000000
4/3/2016,33.3125000,44.2500000,2.5500000,1008.3750000
4/4/2016,32.8125000,33.1250000,8.0000000,1006.6875000
4/5/2016,32.3125000,29.3125000,9.2687500,1007.0000000
4/6/2016,31.3750000,33.1250000,3.4750000,1006.8750000
4/7/2016,29.9333333,37.0000000,10.8500000,1007.2666667
4/8/2016,29.2666667,36.0000000,4.6866667,1009.2000000
4/9/2016,30.7333333,32.4666667,12.6187500,1009.3125000
4/10/2016,32.2500000,29.0000000,5.2250000,1008.8125000
4/11/2016,29.8000000,35.0000000,16.0400000,1009.4000000
4/12/2016,30.2000000,36.2000000,19.3800000,1006.3333333
4/13/2016,31.7500000,28.0625000,18.6437500,1003.3125000
4/14/2016,33.1250000,23.8750000,10.4250000,1003.8125000
4/15/2016,33.6250000,25.3750000,9.8375000,1004.6250000
4/16/2016,35.6875000,23.6875000,11.1125000,1003.0625000
4/17/2016,34.6666667,23.8666667,9.3866667,1002.6666667
4/18/2016,34.6250000,30.1250000,7.1750000,1004.6875000
4/19/2016,34.0000000,33.6000000,4.5666667,1005.8666667
4/20/2016,34.0625000,25.9375000,14.0187500,1006.4375000
4/21/2016,34.0000000,24.6666667,15.7500000,1003.4000000
4/22/2016,33.2500000,24.2500000,8.3500000,1001.7272727
4/23/2016,31.9166667,21.8181818,19.6538462,1001.8461538
4/24/2016,31.3125000,22.1250000,10.1875000,1003.0625000
4/25/2016,31.7500000,22.8125000,6.9500000,1005.5625000
4/26/2016,33.4375000,25.1875000,3.8312500,1007.1875000
4/27/2016,33.1250000,29.0625000,4.9812500,1005.6875000
4/28/2016,34.1538462,21.7692308,11.8230769,1004.6923077
4/29/2016,34.0714286,23.2857143,9.1230769,1005.7142857
4/30/2016,33.0625000,25.5625000,5.2125000,1004.8125000
5/1/2016,34.6875000,23.3750000,8.5750000,1002.4375000
5/2/2016,38.0000000,18.4666667,9.5133333,1002.2000000
5/3/2016,35.5000000,30.3750000,6.4937500,1004.3125000
5/4/2016,33.7142857,31.8571429,10.4642857,1003.7857143
5/5/2016,30.6000000,42.0000000,11.2466667,1007.4666667
5/6/2016,31.4375000,37.4375000,8.2250000,1007.0000000
5/7/2016,33.3125000,37.1875000,4.6500000,1005.5625000
5/8/2016,35.1333333,36.3333333,7.2933333,1005.9333333
5/9/2016,33.5333333,40.6000000,18.4250000,1006.0625000
5/10/2016,34.0000000,39.7500000,10.5562500,1006.5625000
5/11/2016,32.5000000,49.9375000,7.7750000,1006.0625000
5/12/2016,35.3750000,40.0000000,5.1000000,1002.2500000
5/13/2016,37.2941177,28.1176471,8.0705882,1001.3529412
5/14/2016,36.5625000,31.8750000,4.1687500,1003.1250000
5/15/2016,37.2500000,29.5000000,4.7500000,1003.5625000
5/16/2016,37.2142857,23.5000000,9.0200000,1000.8000000
5/17/2016,37.5000000,25.8125000,9.6125000,998.9375000
5/18/2016,37.7500000,27.6250000,8.4500000,997.8125000
5/19/2016,37.3750000,40.5000000,9.3875000,998.6250000
5/20/2016,37.4000000,44.2000000,8.4133333,996.9333333
5/21/2016,36.1333333,45.4000000,10.8733333,995.9333333
5/22/2016,36.8000000,44.8000000,6.5533333,996.4666667
5/23/2016,32.2142857,47.9285714,14.9500000,999.5714286
5/24/2016,31.5263158,53.5263158,8.4947368,1000.7368421
5/25/2016,33.2173913,46.6086957,10.1608696,997.4782609
5/26/2016,35.2692308,44.5769231,15.1769231,999.1538462
5/27/2016,38.2727273,26.0909091,15.3181818,999.9545455
5/28/2016,36.0625000,37.2500000,14.4055556,999.8333333
5/29/2016,31.5000000,57.0625000,11.6812500,1001.2500000
5/30/2016,26.8125000,74.8125000,9.4875000,1003.8125000
5/31/2016,32.6428571,51.2142857,7.4071429,1002.3076923
6/1/2016,36.0000000,42.2000000,9.1333333,1002.7333333
6/2/2016,37.5625000,35.3125000,11.9312500,1002.0000000
6/3/2016,37.5625000,40.6875000,2.7812500,1002.2500000
6/4/2016,38.2000000,42.0666667,3.2066667,1001.8666667
6/5/2016,36.1666667,51.7500000,8.5000000,1002.8333333
6/6/2016,35.4285714,45.7142857,11.0000000,1001.5714286
6/7/2016,34.6250000,59.1875000,21.3062500,1002.0625000
6/8/2016,36.0714286,44.6428571,8.4857143,999.2142857
6/9/2016,35.7333333,43.7333333,9.2600000,938.0666667
6/10/2016,36.1333333,41.8666667,10.0812500,998.2500000
6/11/2016,33.4375000,49.9375000,8.8125000,999.0000000
6/12/2016,35.5000000,37.1250000,9.1625000,998.8125000
6/13/2016,36.0000000,43.3125000,12.8500000,998.1875000
6/14/2016,32.6250000,55.1250000,11.8600000,997.8125000
6/15/2016,34.7333333,48.8666667,10.5133333,996.1333333
6/16/2016,33.5000000,51.2857143,11.3928571,999.0000000
6/17/2016,34.1875000,52.2500000,7.4250000,999.4285714
6/18/2016,35.8571429,50.5714286,10.8571429,1000.8571429
6/19/2016,35.6250000,53.2500000,9.3875000,1001.3750000
6/20/2016,30.9375000,73.9375000,7.6437500,1000.6875000
6/21/2016,32.8750000,62.1875000,8.9187500,999.9375000
6/22/2016,33.1250000,60.8125000,7.4187500,1001.5625000
6/23/2016,33.8461539,51.6153846,5.8750000,999.6923077
6/24/2016,36.4375000,46.5625000,7.7625000,998.3125000
6/25/2016,35.4285714,55.9285714,9.6642857,1000.0714286
6/26/2016,34.8666667,57.4666667,7.6600000,1000.3750000
6/27/2016,34.3125000,61.2500000,7.9937500,998.8666667
6/28/2016,30.7857143,75.0714286,5.4357143,1001.5000000
6/29/2016,35.3750000,58.8750000,8.4500000,1001.1875000
6/30/2016,35.4666667,60.2000000,6.7933333,997.8666667
7/1/2016,32.1250000,73.4000000,8.3500000,1002.5625000
7/2/2016,28.4000000,80.0000000,5.2312500,998.3750000
7/3/2016,29.5625000,78.1250000,1.9687500,998.2500000
7/4/2016,30.6875000,76.3125000,3.4812500,997.1250000
7/5/2016,33.2500000,68.6875000,5.3375000,995.5625000
7/6/2016,33.2666667,64.0666667,8.8785714,996.8666667
7/7/2016,33.5000000,63.0000000,5.9187500,997.6875000
7/8/2016,30.8000000,75.8666667,5.4333333,997.4000000
7/9/2016,33.2500000,66.0625000,6.7312500,996.7500000
7/10/2016,32.5625000,65.6875000,4.7000000,996.0625000
7/11/2016,31.5000000,71.9375000,8.0466667,997.7500000
7/12/2016,30.5000000,80.1875000,5.5625000,999.0625000
7/13/2016,31.2500000,76.3125000,6.8066667,998.4375000
7/14/2016,30.4375000,80.4375000,5.2187500,998.3750000
7/15/2016,31.0000000,78.0625000,7.2714286,998.6250000
7/16/2016,27.1250000,93.8750000,4.3714286,999.8750000
7/17/2016,28.1250000,86.5625000,6.6000000,1001.3333333
7/18/2016,27.6666667,91.2666667,7.6533333,1000.8000000
7/19/2016,32.3125000,69.1250000,13.6562500,999.8750000
7/20/2016,34.1875000,59.5625000,12.9625000,999.6250000
7/21/2016,34.1333333,56.8666667,11.4800000,999.2666667
7/22/2016,34.1250000,56.1250000,8.6875000,999.3333333
7/23/2016,31.8750000,66.0000000,7.7687500,1001.6250000
7/24/2016,31.4375000,72.2500000,2.4312500,946.3125000
7/25/2016,31.9375000,69.1250000,2.9125000,1001.8750000
7/26/2016,30.3125000,82.0000000,6.4857143,1003.1250000
7/27/2016,28.3125000,88.2500000,4.2937500,1004.6250000
7/28/2016,29.5333333,81.3333333,5.1866667,1002.0666667
7/29/2016,27.3750000,92.4375000,2.4312500,1000.9375000
7/30/2016,27.3333333,92.2666667,1.8600000,1001.2000000
7/31/2016,29.2666667,83.1333333,4.7000000,1000.6666667
8/1/2016,29.1250000,84.2500000,5.9125000,999.1250000
8/2/2016,30.6875000,72.1250000,6.3750000,310.4375000
8/3/2016,32.5625000,63.5625000,5.4500000,998.5000000
8/4/2016,33.1111111,63.8888889,7.9277778,998.7777778
8/5/2016,33.8000000,61.6666667,4.3200000,999.3333333
8/6/2016,30.0666667,76.0000000,6.9266667,1000.8000000
8/7/2016,33.1176471,65.1764706,7.8529412,1000.5294118
8/8/2016,33.8095238,62.3809524,9.4409091,999.6363636
8/9/2016,31.6153846,71.6538462,9.5500000,998.5000000
8/10/2016,32.0000000,71.2592593,10.1592593,999.3703704
8/11/2016,28.1071429,89.4642857,7.8214286,1001.6071429
8/12/2016,29.0357143,85.0000000,3.8481481,1002.2857143
8/13/2016,30.3214286,77.0714286,3.2296296,1001.0714286
8/14/2016,28.9333333,83.7000000,6.3700000,633.9000000
8/15/2016,31.6785714,67.6428571,12.7250000,999.2857143
8/16/2016,31.3333333,66.4166667,14.6666667,-3.0416667
8/17/2016,29.9285714,72.5000000,6.3250000,999.5185185
8/18/2016,29.8888889,79.8148148,1.7222222,999.9230769
8/19/2016,32.0714286,68.2857143,1.9178571,999.8928571
8/20/2016,33.1851852,66.4814815,10.3666667,1000.1600000
8/21/2016,31.5925926,68.0740741,10.0222222,1001.1923077
8/22/2016,32.1851852,65.5555556,8.2370370,1002.8888889
8/23/2016,31.4800000,70.0800000,6.0840000,1003.2400000
8/24/2016,30.1785714,79.2857143,8.4192308,1002.5000000
8/25/2016,31.5200000,72.4400000,6.2769231,1004.4230769
8/26/2016,31.2222222,73.8148148,4.3925926,1005.2222222
8/27/2016,31.7857143,70.2857143,7.1500000,1006.1428571
8/28/2016,33.4000000,66.2400000,7.2720000,1006.2000000
8/29/2016,29.5714286,82.3214286,5.8250000,1003.6071429
8/30/2016,30.0400000,76.8000000,8.9038462,1002.1923077
8/31/2016,27.2592593,89.5555556,6.7296296,1003.0370370
9/1/2016,27.9600000,87.2400000,4.1480000,1002.4400000
9/2/2016,30.7391304,71.7391304,13.2043478,1001.2727273
9/3/2016,30.8947368,62.6842105,13.2631579,1001.1578947
9/4/2016,31.6923077,59.3076923,11.1230769,1002.9230769
9/5/2016,31.0769231,60.3076923,13.9615385,1003.2307692
9/6/2016,30.3750000,55.0000000,13.4375000,1003.7500000
9/7/2016,31.1000000,57.7000000,9.1000000,1003.4545455
9/8/2016,31.9166667,58.0000000,10.8083333,1005.1666667
9/9/2016,30.5555556,56.6666667,11.5222222,1004.3333333
9/10/2016,31.2307692,58.2307692,11.9692308,1005.2307692
9/11/2016,31.0000000,56.4000000,8.1500000,1003.8000000
9/12/2016,31.6428571,55.5000000,10.8500000,1005.0714286
9/13/2016,32.5333333,57.0666667,8.5266667,1006.4000000
9/14/2016,30.8571429,70.3571429,4.2357143,1006.9285714
9/15/2016,31.7272727,59.6363636,11.9000000,1004.7500000
9/16/2016,31.4000000,58.0000000,3.5200000,1004.4000000
9/17/2016,32.3076923,58.0000000,2.7076923,1003.1538462
9/18/2016,32.2500000,58.8333333,17.9083333,1005.0000000
9/19/2016,32.3750000,59.4583333,2.0875000,1004.7083333
9/20/2016,33.4444444,54.0740741,2.5692308,1003.5185185
9/21/2016,33.3600000,58.9600000,6.0920000,1005.4000000
9/22/2016,30.0370370,67.6296296,8.1074074,1008.7777778
9/23/2016,31.0000000,66.1071429,3.5714286,1005.3214286
9/24/2016,31.2400000,66.4800000,5.4961538,1352.6153846
9/25/2016,31.1304348,62.3043478,3.1478261,1004.7826087
9/26/2016,31.4800000,60.8800000,2.9869565,1006.7600000
9/27/2016,32.1851852,57.8148148,1.7807692,1006.7037037
9/28/2016,32.4400000,55.2800000,2.5200000,1005.2800000
9/29/2016,32.2272727,61.3181818,3.9636364,1005.5909091
9/30/2016,32.2142857,59.3571429,2.5821429,1005.5714286
10/1/2016,32.5416667,61.9166667,3.1708333,1007.5000000
10/2/2016,32.8148148,61.8148148,4.1222222,1009.1111111
10/3/2016,33.2692308,59.5769231,3.9925926,1007.1851852
10/4/2016,30.5555556,69.8148148,5.7703704,1005.3703704
10/5/2016,28.8333333,71.8750000,3.3250000,1005.2500000
10/6/2016,30.7037037,64.8148148,3.2333333,1007.1481481
10/7/2016,30.9600000,59.9600000,15.8250000,1007.2000000
10/8/2016,30.6000000,57.9600000,8.7615385,1006.8461538
10/9/2016,30.9200000,59.2000000,3.1840000,1005.9600000
10/10/2016,29.7777778,51.1111111,4.8074074,1006.1481481
10/11/2016,29.6666667,51.1481481,8.9222222,1006.5925926
10/12/2016,29.5714286,47.2857143,11.3714286,1006.2500000
10/13/2016,29.9629630,44.0000000,13.0222222,1008.3333333
10/14/2016,29.7500000,47.8750000,8.9347826,1009.1250000
10/15/2016,27.7407407,54.1481481,6.6629630,1010.5185185
10/16/2016,28.4285714,49.8571429,7.0142857,1011.8571429
10/17/2016,28.6000000,49.2400000,7.1160000,1010.5600000
10/18/2016,28.5000000,48.4583333,7.6681818,1009.4583333
10/19/2016,28.9259259,49.1851852,6.4592593,1008.5555556
10/20/2016,29.0769231,47.7307692,9.1240000,1007.5384615
10/21/2016,28.4090909,50.4090909,10.6954545,1008.7272727
10/22/2016,29.3333333,49.4814815,13.3230769,1009.3703704
10/23/2016,27.5000000,54.9615385,11.5461538,1009.3076923
10/24/2016,28.5000000,51.4230769,11.1884615,1008.2692308
10/25/2016,28.0400000,54.5600000,12.3884615,1008.9230769
10/26/2016,27.5769231,56.1923077,5.7000000,1011.7307692
10/27/2016,26.5555556,59.3703704,6.0444444,1014.6296296
10/28/2016,25.5185185,58.7777778,7.2777778,1012.4074074
10/29/2016,25.8148148,62.7777778,1.7148148,1013.0000000
10/30/2016,24.8260870,71.0434783,2.0130435,1014.6086957
10/31/2016,24.5384615,66.8076923,1.6423077,1017.8076923
11/1/2016,24.3846154,58.7307692,2.7153846,1016.3846154
11/2/2016,23.7272727,65.9090909,1.4318182,1016.5909091
11/3/2016,25.6400000,59.7600000,2.2320000,1016.2400000
11/4/2016,24.8148148,58.2962963,4.1222222,1012.6296296
11/5/2016,23.1153846,66.5769231,5.7846154,1010.3461538
11/6/2016,22.9259259,63.8518519,2.4111111,1011.5185185
11/7/2016,24.5454546,51.3181818,8.1727273,1012.7727273
11/8/2016,23.7307692,52.2692308,12.7500000,1013.6400000
11/9/2016,23.0000000,49.7037037,7.0740741,1014.6666667
11/10/2016,23.5185185,50.1481481,3.2259259,1013.8148148
11/11/2016,23.9200000,54.0400000,2.9680000,1014.0800000
11/12/2016,23.5384615,58.0384615,2.7846154,1015.1538462
11/13/2016,24.2962963,55.8148148,4.4000000,1016.5185185
11/14/2016,23.3461539,60.7307692,1.4961538,1015.7307692
11/15/2016,22.2400000,55.7200000,4.0880000,1016.2400000
11/16/2016,21.7692308,53.2307692,7.1384615,1017.5384615
11/17/2016,21.7307692,51.7307692,11.5500000,1350.2962963
11/18/2016,21.7307692,53.6153846,7.7800000,1014.6923077
11/19/2016,20.6666667,60.6666667,2.8400000,1012.4666667
11/20/2016,22.2500000,59.9000000,2.5050000,1013.3500000
11/21/2016,21.5384615,60.4615385,2.7153846,1013.0000000
11/22/2016,22.5789474,50.1578947,8.0000000,1012.8947368
11/23/2016,22.8260870,51.4347826,6.6043478,1013.1739130
11/24/2016,21.4210526,51.4736842,8.2894737,1014.9473684
11/25/2016,23.6000000,30.5500000,15.0850000,1012.9500000
11/26/2016,24.2941177,32.6470588,14.4941176,1013.2500000
11/27/2016,23.6363636,33.6363636,12.4590909,1013.5909091
11/28/2016,22.4545455,37.3181818,9.1857143,12.0454545
11/29/2016,21.6111111,53.7222222,1.2388889,1015.0000000
11/30/2016,19.8695652,80.0869565,4.2695652,1016.6086957
12/1/2016,19.7500000,84.0000000,2.7041667,1016.8750000
12/2/2016,19.2083333,75.8750000,4.9458333,1017.7500000
12/3/2016,21.2083333,52.1666667,5.8666667,1019.3333333
12/4/2016,18.9000000,55.2500000,5.6666667,1019.7000000
12/5/2016,18.6363636,56.5909091,4.9523810,1017.0454545
12/6/2016,18.5384615,69.9230769,2.5038462,1017.9615385
12/7/2016,18.2500000,74.3500000,0.9250000,1017.4210526
12/8/2016,16.9000000,73.3000000,1.7650000,1016.2000000
12/9/2016,19.4166667,68.1250000,1.3125000,1013.4166667
12/10/2016,16.4444444,82.8333333,5.3555556,1014.0000000
12/11/2016,20.0416667,69.5833333,4.7166667,1013.2916667
12/12/2016,19.9090909,63.8636364,3.2818182,1014.1818182
12/13/2016,19.0500000,62.3500000,3.4300000,1015.1000000
12/14/2016,18.5555556,58.6111111,8.0277778,1017.3333333
12/15/2016,18.1666667,56.6250000,9.8791667,1016.6666667
12/16/2016,15.8333333,63.2777778,3.9166667,1018.7777778
12/17/2016,17.5000000,63.3888889,6.7315789,1016.9473684
12/18/2016,16.0833333,64.5416667,6.4208333,1018.0833333
12/19/2016,17.8571429,56.0952381,10.4142857,1017.4285714
12/20/2016,19.8000000,48.5333333,15.9266667,1015.2000000
12/21/2016,18.0500000,54.3000000,19.4047619,1015.6190476
12/22/2016,17.2857143,57.8571429,6.1809524,1016.1428571
12/23/2016,15.5500000,74.7000000,1.2050000,1014.2500000
12/24/2016,17.3181818,78.6363636,5.2363636,1011.3181818
12/25/2016,14.0000000,94.3000000,9.0850000,1014.3500000
12/26/2016,17.1428571,74.8571429,8.7842105,1016.9523810
12/27/2016,16.8500000,67.5500000,8.3350000,1017.2000000
12/28/2016,17.2173913,68.0434783,3.5478261,1015.5652174
12/29/2016,15.2380952,87.8571429,6.0000000,1016.9047619
12/30/2016,14.0952381,89.6666667,6.2666667,1017.9047619
12/31/2016,15.0526316,87.0000000,7.3250000,1016.1000000
1/1/2017,10.0000000,100.0000000,0.0000000,1016.0000000
